Date,Socrata Users,Socrata Sessions,Socrata Bounce Rate,Geohub Users,Geohub Sessions,Geohub Bounce Rate,Combined Users
2014-05-23T00:00:00,133,233,21.8884,,,,
2014-05-24T00:00:00,42,47,42.5532,,,,
2014-05-25T00:00:00,31,34,44.1176,,,,
2014-05-26T00:00:00,50,55,41.8182,,,,
2014-05-27T00:00:00,232,434,24.424,,,,
2014-05-28T00:00:00,223,415,28.9157,,,,
2014-05-29T00:00:00,439,710,27.4648,,,,
2014-05-30T00:00:00,636,980,30.4082,,,,
2014-05-31T00:00:00,1986,2385,45.1992,,,,
2014-06-01T00:00:00,1525,1721,41.778,,,,
2014-06-02T00:00:00,2266,2588,49.3045,,,,
2014-06-03T00:00:00,2365,2622,65.103,,,,
2014-06-04T00:00:00,643,839,44.2193,,,,
2014-06-05T00:00:00,3228,3424,67.7278,,,,
2014-06-06T00:00:00,605,695,58.4173,,,,
2014-06-07T00:00:00,135,151,53.6424,,,,
2014-06-08T00:00:00,113,131,54.9618,,,,
2014-06-09T00:00:00,288,381,43.5696,,,,
2014-06-10T00:00:00,347,432,41.4352,,,,
2014-06-11T00:00:00,317,400,45.5,,,,
2014-06-12T00:00:00,258,330,45.4545,,,,
2014-06-13T00:00:00,159,190,43.1579,,,,
2014-06-14T00:00:00,59,71,52.1127,,,,
2014-06-15T00:00:00,75,86,56.9767,,,,
2014-06-16T00:00:00,218,269,50.1859,,,,
2014-06-17T00:00:00,240,310,48.7097,,,,
2014-06-18T00:00:00,345,440,53.4091,,,,
2014-06-19T00:00:00,229,301,48.1728,,,,
2014-06-20T00:00:00,242,283,54.0636,,,,
2014-06-21T00:00:00,58,63,60.3175,,,,
2014-06-22T00:00:00,59,63,50.7937,,,,
2014-06-23T00:00:00,176,252,41.6667,,,,
2014-06-24T00:00:00,221,263,50.1901,,,,
2014-06-25T00:00:00,193,248,38.7097,,,,
2014-06-26T00:00:00,165,205,44.3902,,,,
2014-06-27T00:00:00,172,201,49.7512,,,,
2014-06-28T00:00:00,49,51,49.0196,,,,
2014-06-29T00:00:00,59,67,55.2239,,,,
2014-06-30T00:00:00,193,251,46.2151,,,,
2014-07-01T00:00:00,208,279,44.8029,,,,
2014-07-02T00:00:00,166,206,42.7184,,,,
2014-07-03T00:00:00,335,388,38.1443,,,,
2014-07-04T00:00:00,56,66,65.1515,,,,
2014-07-05T00:00:00,46,50,42,,,,
2014-07-06T00:00:00,75,81,33.3333,,,,
2014-07-07T00:00:00,214,270,42.2222,,,,
2014-07-08T00:00:00,231,277,45.1264,,,,
2014-07-09T00:00:00,188,237,50.211,,,,
2014-07-10T00:00:00,175,228,45.614,,,,
2014-07-11T00:00:00,115,142,55.6338,,,,
2014-07-12T00:00:00,19,23,52.1739,,,,
2014-07-13T00:00:00,46,50,36,,,,
2014-07-14T00:00:00,175,221,45.7014,,,,
2014-07-15T00:00:00,164,201,46.7662,,,,
2014-07-16T00:00:00,202,249,41.7671,,,,
2014-07-17T00:00:00,143,173,41.6185,,,,
2014-07-18T00:00:00,148,174,38.5057,,,,
2014-07-19T00:00:00,48,59,45.7627,,,,
2014-07-20T00:00:00,58,67,64.1791,,,,
2014-07-21T00:00:00,174,223,47.9821,,,,
2014-07-22T00:00:00,155,194,43.8144,,,,
2014-07-23T00:00:00,139,171,43.2749,,,,
2014-07-24T00:00:00,151,182,43.956,,,,
2014-07-25T00:00:00,103,127,37.7953,,,,
2014-07-26T00:00:00,36,44,47.7273,,,,
2014-07-27T00:00:00,40,43,62.7907,,,,
2014-07-28T00:00:00,148,183,46.9945,,,,
2014-07-29T00:00:00,182,229,42.3581,,,,
2014-07-30T00:00:00,152,199,37.6884,,,,
2014-07-31T00:00:00,194,252,41.6667,,,,
2014-08-01T00:00:00,132,176,45.4545,,,,
2014-08-02T00:00:00,43,46,58.6957,,,,
2014-08-03T00:00:00,49,60,41.6667,,,,
2014-08-04T00:00:00,167,208,43.2692,,,,
2014-08-05T00:00:00,171,203,44.335,,,,
2014-08-06T00:00:00,181,248,41.9355,,,,
2014-08-07T00:00:00,163,228,39.4737,,,,
2014-08-08T00:00:00,152,190,41.0526,,,,
2014-08-09T00:00:00,42,50,62,,,,
2014-08-10T00:00:00,51,59,64.4068,,,,
2014-08-11T00:00:00,147,186,42.4731,,,,
2014-08-12T00:00:00,158,216,41.2037,,,,
2014-08-13T00:00:00,151,217,38.2488,,,,
2014-08-14T00:00:00,142,224,51.3393,,,,
2014-08-15T00:00:00,144,194,34.0206,,,,
2014-08-16T00:00:00,33,38,39.4737,,,,
2014-08-17T00:00:00,30,32,59.375,,,,
2014-08-18T00:00:00,132,196,37.2449,,,,
2014-08-19T00:00:00,163,213,42.723,,,,
2014-08-20T00:00:00,269,345,43.7681,,,,
2014-08-21T00:00:00,382,469,46.4819,,,,
2014-08-22T00:00:00,181,219,42.9224,,,,
2014-08-23T00:00:00,40,43,41.8605,,,,
2014-08-24T00:00:00,45,72,50,,,,
2014-08-25T00:00:00,194,244,50.8197,,,,
2014-08-26T00:00:00,238,308,49.026,,,,
2014-08-27T00:00:00,203,248,51.2097,,,,
2014-08-28T00:00:00,156,197,43.1472,,,,
2014-08-29T00:00:00,151,173,46.2428,,,,
2014-08-30T00:00:00,40,59,50.8475,,,,
2014-08-31T00:00:00,50,55,50.9091,,,,
2014-09-01T00:00:00,65,72,48.6111,,,,
2014-09-02T00:00:00,162,202,41.5842,,,,
2014-09-03T00:00:00,176,211,44.5498,,,,
2014-09-04T00:00:00,200,238,44.5378,,,,
2014-09-05T00:00:00,158,188,38.8298,,,,
2014-09-06T00:00:00,34,39,53.8462,,,,
2014-09-07T00:00:00,55,59,62.7119,,,,
2014-09-08T00:00:00,200,255,41.5686,,,,
2014-09-09T00:00:00,172,214,41.5888,,,,
2014-09-10T00:00:00,191,216,47.6852,,,,
2014-09-11T00:00:00,218,265,38.1132,,,,
2014-09-12T00:00:00,161,228,35.5263,,,,
2014-09-13T00:00:00,51,58,62.069,,,,
2014-09-14T00:00:00,55,59,50.8475,,,,
2014-09-15T00:00:00,164,251,43.4263,,,,
2014-09-16T00:00:00,196,260,40,,,,
2014-09-17T00:00:00,181,245,43.2653,,,,
2014-09-18T00:00:00,190,244,35.2459,,,,
2014-09-19T00:00:00,160,210,44.2857,,,,
2014-09-20T00:00:00,58,77,41.5584,,,,
2014-09-21T00:00:00,57,65,47.6923,,,,
2014-09-22T00:00:00,140,166,44.5783,,,,
2014-09-23T00:00:00,158,188,42.5532,,,,
2014-09-24T00:00:00,163,207,46.8599,,,,
2014-09-25T00:00:00,203,282,49.2908,,,,
2014-09-26T00:00:00,149,181,53.5912,,,,
2014-09-27T00:00:00,49,55,69.0909,,,,
2014-09-28T00:00:00,60,70,47.1429,,,,
2014-09-29T00:00:00,185,224,53.125,,,,
2014-09-30T00:00:00,167,200,45,,,,
2014-10-01T00:00:00,207,248,51.2097,,,,
2014-10-02T00:00:00,150,190,48.4211,,,,
2014-10-03T00:00:00,127,163,44.1718,,,,
2014-10-04T00:00:00,39,40,65,,,,
2014-10-05T00:00:00,44,54,57.4074,,,,
2014-10-06T00:00:00,174,202,42.5743,,,,
2014-10-07T00:00:00,153,194,47.9381,,,,
2014-10-08T00:00:00,186,225,48.4444,,,,
2014-10-09T00:00:00,167,199,51.7588,,,,
2014-10-10T00:00:00,106,128,44.5312,,,,
2014-10-11T00:00:00,49,59,37.2881,,,,
2014-10-12T00:00:00,39,42,47.619,,,,
2014-10-13T00:00:00,123,138,52.1739,,,,
2014-10-14T00:00:00,209,255,39.2157,,,,
2014-10-15T00:00:00,199,263,47.5285,,,,
2014-10-16T00:00:00,143,184,48.913,,,,
2014-10-17T00:00:00,143,165,49.0909,,,,
2014-10-18T00:00:00,32,35,60,,,,
2014-10-19T00:00:00,46,51,47.0588,,,,
2014-10-20T00:00:00,165,190,43.1579,,,,
2014-10-21T00:00:00,161,202,44.0594,,,,
2014-10-22T00:00:00,172,210,43.3333,,,,
2014-10-23T00:00:00,275,336,42.8571,,,,
2014-10-24T00:00:00,203,252,44.8413,,,,
2014-10-25T00:00:00,73,112,37.5,,,,
2014-10-26T00:00:00,82,98,44.898,,,,
2014-10-27T00:00:00,199,256,41.4062,,,,
2014-10-28T00:00:00,174,199,48.7437,,,,
2014-10-29T00:00:00,152,187,43.3155,,,,
2014-10-30T00:00:00,177,216,44.4444,,,,
2014-10-31T00:00:00,114,131,52.6718,,,,
2014-11-01T00:00:00,43,49,46.9388,,,,
2014-11-02T00:00:00,56,65,40,,,,
2014-11-03T00:00:00,158,198,54.0404,,,,
2014-11-04T00:00:00,144,178,45.5056,,,,
2014-11-05T00:00:00,172,221,44.3439,,,,
2014-11-06T00:00:00,140,191,38.2199,,,,
2014-11-07T00:00:00,129,174,40.8046,,,,
2014-11-08T00:00:00,63,83,54.2169,,,,
2014-11-09T00:00:00,54,61,57.377,,,,
2014-11-10T00:00:00,163,200,43,,,,
2014-11-11T00:00:00,127,141,50.3546,,,,
2014-11-12T00:00:00,156,188,40.9574,,,,
2014-11-13T00:00:00,150,177,43.5028,,,,
2014-11-14T00:00:00,155,186,49.4624,,,,
2014-11-15T00:00:00,70,74,50,,,,
2014-11-16T00:00:00,115,142,38.0282,,,,
2014-11-17T00:00:00,214,273,49.4505,,,,
2014-11-18T00:00:00,210,257,46.3035,,,,
2014-11-19T00:00:00,205,240,43.75,,,,
2014-11-20T00:00:00,208,255,47.451,,,,
2014-11-21T00:00:00,151,179,48.0447,,,,
2014-11-22T00:00:00,47,56,37.5,,,,
2014-11-23T00:00:00,58,69,36.2319,,,,
2014-11-24T00:00:00,162,200,45,,,,
2014-11-25T00:00:00,148,167,53.2934,,,,
2014-11-26T00:00:00,115,131,46.5649,,,,
2014-11-27T00:00:00,43,47,46.8085,,,,
2014-11-28T00:00:00,40,47,55.3191,,,,
2014-11-29T00:00:00,55,62,56.4516,,,,
2014-11-30T00:00:00,70,74,52.7027,,,,
2014-12-01T00:00:00,137,170,36.4706,,,,
2014-12-02T00:00:00,163,206,49.5146,,,,
2014-12-03T00:00:00,150,191,42.4084,,,,
2014-12-04T00:00:00,173,216,44.9074,,,,
2014-12-05T00:00:00,125,159,42.7673,,,,
2014-12-06T00:00:00,50,53,49.0566,,,,
2014-12-07T00:00:00,53,59,52.5424,,,,
2014-12-08T00:00:00,186,216,42.5926,,,,
2014-12-09T00:00:00,144,182,40.6593,,,,
2014-12-10T00:00:00,154,177,49.7175,,,,
2014-12-11T00:00:00,149,194,50.5155,,,,
2014-12-12T00:00:00,113,132,53.0303,,,,
2014-12-13T00:00:00,55,65,50.7692,,,,
2014-12-14T00:00:00,60,68,50,,,,
2014-12-15T00:00:00,170,201,51.7413,,,,
2014-12-16T00:00:00,164,201,44.7761,,,,
2014-12-17T00:00:00,164,193,44.5596,,,,
2014-12-18T00:00:00,187,229,41.4847,,,,
2014-12-19T00:00:00,137,159,49.0566,,,,
2014-12-20T00:00:00,37,40,52.5,,,,
2014-12-21T00:00:00,50,60,61.6667,,,,
2014-12-22T00:00:00,128,137,50.365,,,,
2014-12-23T00:00:00,104,116,56.8966,,,,
2014-12-24T00:00:00,77,83,44.5783,,,,
2014-12-25T00:00:00,23,24,54.1667,,,,
2014-12-26T00:00:00,61,73,47.9452,,,,
2014-12-27T00:00:00,31,35,45.7143,,,,
2014-12-28T00:00:00,43,54,42.5926,,,,
2014-12-29T00:00:00,109,127,48.0315,,,,
2014-12-30T00:00:00,88,114,50.8772,,,,
2014-12-31T00:00:00,66,73,49.3151,,,,
2015-01-01T00:00:00,35,39,58.9744,,,,
2015-01-02T00:00:00,80,86,54.6512,,,,
2015-01-03T00:00:00,45,49,63.2653,,,,
2015-01-04T00:00:00,53,61,40.9836,,,,
2015-01-05T00:00:00,160,196,54.0816,,,,
2015-01-06T00:00:00,209,242,52.4793,,,,
2015-01-07T00:00:00,207,270,52.5926,,,,
2015-01-08T00:00:00,171,200,51.5,,,,
2015-01-09T00:00:00,138,171,49.7076,,,,
2015-01-10T00:00:00,59,71,74.6479,,,,
2015-01-11T00:00:00,72,79,60.7595,,,,
2015-01-12T00:00:00,200,253,46.6403,,,,
2015-01-13T00:00:00,214,251,49.004,,,,
2015-01-14T00:00:00,201,253,49.8024,,,,
2015-01-15T00:00:00,194,226,46.9027,,,,
2015-01-16T00:00:00,181,209,45.933,,,,
2015-01-17T00:00:00,61,67,58.209,,,,
2015-01-18T00:00:00,88,110,55.4545,,,,
2015-01-19T00:00:00,120,136,61.7647,,,,
2015-01-20T00:00:00,234,284,51.0563,,,,
2015-01-21T00:00:00,187,226,47.7876,,,,
2015-01-22T00:00:00,282,312,54.8077,,,,
2015-01-23T00:00:00,185,240,49.5833,,,,
2015-01-24T00:00:00,70,79,56.962,,,,
2015-01-25T00:00:00,77,93,65.5914,,,,
2015-01-26T00:00:00,214,282,49.6454,,,,
2015-01-27T00:00:00,225,290,53.1034,,,,
2015-01-28T00:00:00,210,245,50.2041,,,,
2015-01-29T00:00:00,236,278,50.7194,,,,
2015-01-30T00:00:00,171,214,49.0654,,,,
2015-01-31T00:00:00,65,72,62.5,,,,
2015-02-01T00:00:00,66,74,68.9189,,,,
2015-02-02T00:00:00,217,266,48.1203,,,,
2015-02-03T00:00:00,211,264,51.8939,,,,
2015-02-04T00:00:00,212,258,50.7752,,,,
2015-02-05T00:00:00,211,245,46.9388,,,,
2015-02-06T00:00:00,183,218,51.8349,,,,
2015-02-07T00:00:00,70,86,52.3256,,,,
2015-02-08T00:00:00,108,131,52.6718,,,,
2015-02-09T00:00:00,211,263,57.0342,,,,
2015-02-10T00:00:00,206,236,50.4237,,,,
2015-02-11T00:00:00,222,272,51.8382,,,,
2015-02-12T00:00:00,221,267,56.1798,,,,
2015-02-13T00:00:00,147,181,59.6685,,,,
2015-02-14T00:00:00,68,74,62.1622,,,,
2015-02-15T00:00:00,102,113,63.7168,,,,
2015-02-16T00:00:00,162,193,58.5492,,,,
2015-02-17T00:00:00,251,298,43.2886,,,,
2015-02-18T00:00:00,248,303,49.1749,,,,
2015-02-19T00:00:00,228,291,48.7973,,,,
2015-02-20T00:00:00,165,198,44.9495,,,,
2015-02-21T00:00:00,81,90,56.6667,,,,
2015-02-22T00:00:00,80,95,58.9474,,,,
2015-02-23T00:00:00,214,242,54.5455,,,,
2015-02-24T00:00:00,231,268,49.2537,,,,
2015-02-25T00:00:00,205,231,54.9784,,,,
2015-02-26T00:00:00,147,173,47.3988,,,,
2015-02-27T00:00:00,34,38,52.6316,,,,
2015-02-28T00:00:00,20,23,69.5652,,,,
2015-03-01T00:00:00,10,10,70,,,,
2015-03-02T00:00:00,26,36,36.1111,,,,
2015-03-03T00:00:00,36,36,61.1111,,,,
2015-03-04T00:00:00,109,119,12.605,,,,
2015-03-05T00:00:00,307,372,4.3011,,,,
2015-03-06T00:00:00,212,240,5.4167,,,,
2015-03-07T00:00:00,108,117,0,,,,
2015-03-08T00:00:00,96,115,3.4783,,,,
2015-03-09T00:00:00,269,328,3.6585,,,,
2015-03-10T00:00:00,290,334,6.2874,,,,
2015-03-11T00:00:00,310,361,6.0942,,,,
2015-03-12T00:00:00,256,288,5.2083,,,,
2015-03-13T00:00:00,284,329,3.0395,,,,
2015-03-14T00:00:00,151,179,3.9106,,,,
2015-03-15T00:00:00,128,143,2.0979,,,,
2015-03-16T00:00:00,323,371,3.7736,,,,
2015-03-17T00:00:00,266,295,4.4068,,,,
2015-03-18T00:00:00,277,331,6.6465,,,,
2015-03-19T00:00:00,248,277,8.3032,,,,
2015-03-20T00:00:00,187,224,6.25,,,,
2015-03-21T00:00:00,77,85,3.5294,,,,
2015-03-22T00:00:00,126,140,2.8571,,,,
2015-03-23T00:00:00,286,325,0.9231,,,,
2015-03-24T00:00:00,288,349,4.298,,,,
2015-03-25T00:00:00,305,346,2.0231,,,,
2015-03-26T00:00:00,280,326,4.908,,,,
2015-03-27T00:00:00,255,286,3.1469,,,,
2015-03-28T00:00:00,86,95,2.1053,,,,
2015-03-29T00:00:00,140,153,1.9608,,,,
2015-03-30T00:00:00,362,407,2.457,,,,
2015-03-31T00:00:00,302,345,5.7971,,,,
2015-04-01T00:00:00,282,325,6.7692,,,,
2015-04-02T00:00:00,248,289,5.1903,,,,
2015-04-03T00:00:00,232,261,8.046,,,,
2015-04-04T00:00:00,96,110,4.5455,,,,
2015-04-05T00:00:00,100,107,6.5421,,,,
2015-04-06T00:00:00,292,336,4.4643,,,,
2015-04-07T00:00:00,318,385,7.7922,,,,
2015-04-08T00:00:00,688,848,24.2925,,,,
2015-04-09T00:00:00,613,705,21.844,,,,
2015-04-10T00:00:00,596,688,17.2965,,,,
2015-04-11T00:00:00,181,200,20,,,,
2015-04-12T00:00:00,191,214,14.0187,,,,
2015-04-13T00:00:00,464,527,17.8368,,,,
2015-04-14T00:00:00,477,549,15.1184,,,,
2015-04-15T00:00:00,446,520,9.6154,,,,
2015-04-16T00:00:00,542,613,9.2985,,,,
2015-04-17T00:00:00,449,501,6.986,,,,
2015-04-18T00:00:00,170,184,4.8913,,,,
2015-04-19T00:00:00,195,202,6.9307,,,,
2015-04-20T00:00:00,504,598,7.6923,,,,
2015-04-21T00:00:00,563,628,8.758,,,,
2015-04-22T00:00:00,651,732,8.6066,,,,
2015-04-23T00:00:00,662,714,3.7815,,,,
2015-04-24T00:00:00,488,531,5.0847,,,,
2015-04-25T00:00:00,202,211,4.2654,,,,
2015-04-26T00:00:00,245,261,5.7471,,,,
2015-04-27T00:00:00,624,685,6.1314,,,,
2015-04-28T00:00:00,525,590,4.5763,,,,
2015-04-29T00:00:00,339,393,6.3613,,,,
2015-04-30T00:00:00,376,476,6.5126,,,,
2015-05-01T00:00:00,322,369,5.4201,,,,
2015-05-02T00:00:00,132,139,5.7554,,,,
2015-05-03T00:00:00,166,173,5.7803,,,,
2015-05-04T00:00:00,376,418,8.6124,,,,
2015-05-05T00:00:00,480,563,6.2167,,,,
2015-05-06T00:00:00,389,442,8.371,,,,
2015-05-07T00:00:00,776,884,58.2579,,,,
2015-05-08T00:00:00,680,776,54.1237,,,,
2015-05-09T00:00:00,128,155,21.9355,,,,
2015-05-10T00:00:00,129,155,14.1935,,,,
2015-05-11T00:00:00,357,432,7.8704,,,,
2015-05-12T00:00:00,341,415,7.7108,,,,
2015-05-13T00:00:00,348,399,9.0226,,,,
2015-05-14T00:00:00,524,583,4.2882,,,,
2015-05-15T00:00:00,311,344,6.3953,,,,
2015-05-16T00:00:00,130,156,6.4103,,,,
2015-05-17T00:00:00,112,132,8.3333,,,,
2015-05-18T00:00:00,300,352,6.5341,,,,
2015-05-19T00:00:00,347,419,6.6826,,,,
2015-05-20T00:00:00,334,376,3.9894,,,,
2015-05-21T00:00:00,364,442,8.1448,,,,
2015-05-22T00:00:00,237,272,6.9853,,,,
2015-05-23T00:00:00,104,126,3.9683,,,,
2015-05-24T00:00:00,100,107,10.2804,,,,
2015-05-25T00:00:00,171,186,6.4516,,,,
2015-05-26T00:00:00,419,478,5.0209,,,,
2015-05-27T00:00:00,348,401,6.9825,,,,
2015-05-28T00:00:00,485,559,17.5313,,,,
2015-05-29T00:00:00,263,298,10.4027,,,,
2015-05-30T00:00:00,104,119,8.4034,,,,
2015-05-31T00:00:00,119,129,14.7287,,,,
2015-06-01T00:00:00,334,396,10.8586,,,,
2015-06-02T00:00:00,329,405,9.6296,,,,
2015-06-03T00:00:00,325,359,12.5348,,,,
2015-06-04T00:00:00,459,528,11.9318,,,,
2015-06-05T00:00:00,498,556,7.9137,,,,
2015-06-06T00:00:00,164,226,4.4248,,,,
2015-06-07T00:00:00,143,164,4.2683,,,,
2015-06-08T00:00:00,347,408,11.5196,,,,
2015-06-09T00:00:00,334,408,11.2745,,,,
2015-06-10T00:00:00,326,388,8.2474,,,,
2015-06-11T00:00:00,316,350,10,,,,
2015-06-12T00:00:00,269,293,8.5324,,,,
2015-06-13T00:00:00,85,97,8.2474,,,,
2015-06-14T00:00:00,112,123,10.5691,,,,
2015-06-15T00:00:00,302,357,7.0028,,,,
2015-06-16T00:00:00,287,335,6.2687,,,,
2015-06-17T00:00:00,277,321,8.0997,,,,
2015-06-18T00:00:00,261,292,7.8767,,,,
2015-06-19T00:00:00,271,313,5.7508,,,,
2015-06-20T00:00:00,69,83,6.0241,,,,
2015-06-21T00:00:00,116,124,26.6129,,,,
2015-06-22T00:00:00,405,453,7.947,,,,
2015-06-23T00:00:00,298,340,7.6471,,,,
2015-06-24T00:00:00,477,531,5.838,,,,
2015-06-25T00:00:00,428,485,7.0103,,,,
2015-06-26T00:00:00,459,507,8.4813,,,,
2015-06-27T00:00:00,242,253,4.7431,,,,
2015-06-28T00:00:00,189,206,1.9417,,,,
2015-06-29T00:00:00,440,510,7.2549,,,,
2015-06-30T00:00:00,407,466,4.721,,,,
2015-07-01T00:00:00,407,450,6.8889,,,,
2015-07-02T00:00:00,429,474,6.3291,,,,
2015-07-03T00:00:00,284,303,2.3102,,,,
2015-07-04T00:00:00,164,170,1.1765,,,,
2015-07-05T00:00:00,195,202,3.9604,,,,
2015-07-06T00:00:00,427,476,7.3529,,,,
2015-07-07T00:00:00,358,394,4.5685,,,,
2015-07-08T00:00:00,396,440,5.6818,,,,
2015-07-09T00:00:00,375,415,7.4699,,,,
2015-07-10T00:00:00,327,358,4.1899,,,,
2015-07-11T00:00:00,186,200,6,,,,
2015-07-12T00:00:00,188,201,3.9801,,,,
2015-07-13T00:00:00,384,411,6.5693,,,,
2015-07-14T00:00:00,428,482,7.8838,,,,
2015-07-15T00:00:00,398,433,5.7737,,,,
2015-07-16T00:00:00,327,354,6.2147,,,,
2015-07-17T00:00:00,318,340,4.7059,,,,
2015-07-18T00:00:00,193,201,0.4975,,,,
2015-07-19T00:00:00,196,203,3.4483,,,,
2015-07-20T00:00:00,369,398,5.7789,,,,
2015-07-21T00:00:00,359,424,9.434,,,,
2015-07-22T00:00:00,345,387,7.2351,,,,
2015-07-23T00:00:00,398,454,7.489,,,,
2015-07-24T00:00:00,344,374,5.3476,,,,
2015-07-25T00:00:00,181,186,1.6129,,,,
2015-07-26T00:00:00,194,210,3.3333,,,,
2015-07-27T00:00:00,353,392,5.6122,,,,
2015-07-28T00:00:00,306,351,6.8376,,,,
2015-07-29T00:00:00,377,420,8.8095,,,,
2015-07-30T00:00:00,399,454,6.1674,,,,
2015-07-31T00:00:00,346,370,5.4054,,,,
2015-08-01T00:00:00,201,211,1.8957,,,,
2015-08-02T00:00:00,209,225,1.7778,,,,
2015-08-03T00:00:00,433,479,5.2192,,,,
2015-08-04T00:00:00,605,665,4.5113,,,,
2015-08-05T00:00:00,525,583,3.7736,,,,
2015-08-06T00:00:00,436,467,4.0685,,,,
2015-08-07T00:00:00,494,527,2.6565,,,,
2015-08-08T00:00:00,276,292,2.3973,,,,
2015-08-09T00:00:00,299,306,2.2876,,,,
2015-08-10T00:00:00,500,549,5.4645,,,,
2015-08-11T00:00:00,450,488,4.7131,,,,
2015-08-12T00:00:00,438,486,4.5267,,,,
2015-08-13T00:00:00,412,442,5.4299,,,,
2015-08-14T00:00:00,401,428,5.6075,,,,
2015-08-15T00:00:00,235,241,1.6598,,,,
2015-08-16T00:00:00,257,264,4.1667,,,,
2015-08-17T00:00:00,417,458,3.9301,,,,
2015-08-18T00:00:00,341,396,6.0606,,,,
2015-08-19T00:00:00,375,432,5.0926,,,,
2015-08-20T00:00:00,526,591,4.0609,,,,
2015-08-21T00:00:00,422,476,4.4118,,,,
2015-08-22T00:00:00,190,203,3.4483,,,,
2015-08-23T00:00:00,183,189,4.7619,,,,
2015-08-24T00:00:00,335,383,8.094,,,,
2015-08-25T00:00:00,329,365,4.9315,,,,
2015-08-26T00:00:00,373,405,4.6914,,,,
2015-08-27T00:00:00,381,423,5.6738,,,,
2015-08-28T00:00:00,252,290,8.6207,,,,
2015-08-29T00:00:00,112,123,7.3171,,,,
2015-08-30T00:00:00,106,117,5.9829,,,,
2015-08-31T00:00:00,294,335,8.0597,,,,
2015-09-01T00:00:00,279,314,5.0955,,,,
2015-09-02T00:00:00,346,391,8.6957,,,,
2015-09-03T00:00:00,294,360,7.5,,,,
2015-09-04T00:00:00,261,358,5.0279,,,,
2015-09-05T00:00:00,106,123,3.252,,,,
2015-09-06T00:00:00,118,139,5.036,,,,
2015-09-07T00:00:00,178,201,3.4826,,,,
2015-09-08T00:00:00,279,323,5.5728,,,,
2015-09-09T00:00:00,302,374,5.0802,,,,
2015-09-10T00:00:00,353,420,8.5714,,,,
2015-09-11T00:00:00,272,322,6.5217,,,,
2015-09-12T00:00:00,105,118,5.9322,,,,
2015-09-13T00:00:00,121,133,9.7744,,,,
2015-09-14T00:00:00,305,358,6.9832,,,,
2015-09-15T00:00:00,306,366,6.8306,,,,
2015-09-16T00:00:00,356,442,7.4661,,,,
2015-09-17T00:00:00,359,466,5.5794,,,,
2015-09-18T00:00:00,301,376,6.383,,,,
2015-09-19T00:00:00,92,106,2.8302,,,,
2015-09-20T00:00:00,120,144,6.25,,,,
2015-09-21T00:00:00,317,384,4.1667,,,,
2015-09-22T00:00:00,340,415,5.5422,,,,
2015-09-23T00:00:00,346,430,2.5581,,,,
2015-09-24T00:00:00,338,411,5.3528,,,,
2015-09-25T00:00:00,251,282,4.6099,,,,
2015-09-26T00:00:00,114,124,5.6452,,,,
2015-09-27T00:00:00,148,162,6.1728,,,,
2015-09-28T00:00:00,334,393,5.8524,,,,
2015-09-29T00:00:00,409,493,4.0568,,,,
2015-09-30T00:00:00,312,376,7.9787,,,,
2015-10-01T00:00:00,306,385,5.1948,,,,
2015-10-02T00:00:00,292,382,3.6649,,,,
2015-10-03T00:00:00,118,131,5.3435,,,,
2015-10-04T00:00:00,128,145,5.5172,,,,
2015-10-05T00:00:00,348,434,5.0691,,,,
2015-10-06T00:00:00,358,465,9.6774,,,,
2015-10-07T00:00:00,342,422,8.7678,,,,
2015-10-08T00:00:00,412,520,4.8077,,,,
2015-10-09T00:00:00,303,398,3.5176,,,,
2015-10-10T00:00:00,133,153,6.5359,,,,
2015-10-11T00:00:00,232,254,2.7559,,,,
2015-10-12T00:00:00,471,519,3.6609,,,,
2015-10-13T00:00:00,326,434,4.3779,,,,
2015-10-14T00:00:00,348,479,6.4718,,,,
2015-10-15T00:00:00,338,457,5.0328,,,,
2015-10-16T00:00:00,254,305,6.2295,,,,
2015-10-17T00:00:00,105,115,3.4783,,,,
2015-10-18T00:00:00,126,150,10.6667,,,,
2015-10-19T00:00:00,379,492,4.4715,,,,
2015-10-20T00:00:00,385,473,6.3425,,,,
2015-10-21T00:00:00,294,389,2.8278,,,,
2015-10-22T00:00:00,307,377,5.0398,,,,
2015-10-23T00:00:00,299,382,8.1152,,,,
2015-10-24T00:00:00,115,137,8.0292,,,,
2015-10-25T00:00:00,143,178,11.236,,,,
2015-10-26T00:00:00,346,473,7.1882,,,,
2015-10-27T00:00:00,457,552,8.1522,,,,
2015-10-28T00:00:00,329,420,5,,,,
2015-10-29T00:00:00,380,480,7.0833,,,,
2015-10-30T00:00:00,284,358,11.7318,,,,
2015-10-31T00:00:00,102,117,8.547,,,,
2015-11-01T00:00:00,143,166,13.253,,,,
2015-11-02T00:00:00,400,475,6.7368,,,,
2015-11-03T00:00:00,405,501,8.3832,,,,
2015-11-04T00:00:00,345,439,10.7062,,,,
2015-11-05T00:00:00,382,485,6.3918,,,,
2015-11-06T00:00:00,276,331,7.855,,,,
2015-11-07T00:00:00,116,127,1.5748,,,,
2015-11-08T00:00:00,173,199,6.5327,,,,
2015-11-09T00:00:00,429,513,8.1871,,,,
2015-11-10T00:00:00,400,488,5.123,,,,
2015-11-11T00:00:00,349,385,5.1948,,,,
2015-11-12T00:00:00,361,454,7.2687,,,,
2015-11-13T00:00:00,294,361,6.6482,,,,
2015-11-14T00:00:00,127,149,5.3691,,,,
2015-11-15T00:00:00,133,143,7.6923,,,,
2015-11-16T00:00:00,346,429,7.2261,,,,
2015-11-17T00:00:00,342,411,6.5693,,,,
2015-11-18T00:00:00,322,399,6.7669,,,,
2015-11-19T00:00:00,353,447,4.0268,,,,
2015-11-20T00:00:00,266,356,5.3371,,,,
2015-11-21T00:00:00,95,107,3.7383,,,,
2015-11-22T00:00:00,137,159,7.5472,,,,
2015-11-23T00:00:00,317,406,7.6355,,,,
2015-11-24T00:00:00,348,420,3.5714,,,,
2015-11-25T00:00:00,276,318,7.5472,,,,
2015-11-26T00:00:00,124,137,2.9197,,,,
2015-11-27T00:00:00,148,170,9.4118,,,,
2015-11-28T00:00:00,92,103,4.8544,,,,
2015-11-29T00:00:00,137,156,7.6923,,,,
2015-11-30T00:00:00,304,365,8.7671,,,,
2015-12-01T00:00:00,312,386,5.4404,,,,
2015-12-02T00:00:00,318,385,4.6753,,,,
2015-12-03T00:00:00,324,382,3.9267,,,,
2015-12-04T00:00:00,293,352,6.5341,,,,
2015-12-05T00:00:00,112,127,6.2992,,,,
2015-12-06T00:00:00,117,129,1.5504,,,,
2015-12-07T00:00:00,306,370,5.6757,,,,
2015-12-08T00:00:00,288,349,5.4441,,,,
2015-12-09T00:00:00,312,384,5.7292,,,,
2015-12-10T00:00:00,272,337,4.1543,,,,
2015-12-11T00:00:00,246,282,4.2553,,,,
2015-12-12T00:00:00,102,121,0.8264,,,,
2015-12-13T00:00:00,100,106,6.6038,,,,
2015-12-14T00:00:00,304,359,3.0641,,,,
2015-12-15T00:00:00,311,354,5.6497,,,,
2015-12-16T00:00:00,267,322,6.5217,,,,
2015-12-17T00:00:00,263,311,4.8232,,,,
2015-12-18T00:00:00,216,261,7.6628,,,,
2015-12-19T00:00:00,85,97,9.2784,,,,
2015-12-20T00:00:00,94,107,3.7383,,,,
2015-12-21T00:00:00,290,342,4.386,,,,
2015-12-22T00:00:00,241,275,4.3636,,,,
2015-12-23T00:00:00,221,249,3.2129,,,,
2015-12-24T00:00:00,142,154,1.9481,,,,
2015-12-25T00:00:00,54,60,1.6667,,,,
2015-12-26T00:00:00,53,55,0,,,,
2015-12-27T00:00:00,95,104,2.8846,,,,
2015-12-28T00:00:00,237,256,4.6875,,,,
2015-12-29T00:00:00,202,226,3.0973,,,,
2015-12-30T00:00:00,223,253,1.1858,,,,
2015-12-31T00:00:00,151,172,1.7442,,,,
2016-01-01T00:00:00,68,74,1.3514,,,,
2016-01-02T00:00:00,108,114,1.7544,,,,
2016-01-03T00:00:00,110,135,5.9259,,,,
2016-01-04T00:00:00,301,345,6.9565,,,,
2016-01-05T00:00:00,354,393,5.0891,,,,
2016-01-06T00:00:00,339,375,3.7333,,,,
2016-01-07T00:00:00,321,366,7.1038,,,,
2016-01-08T00:00:00,272,304,7.2368,,,,
2016-01-09T00:00:00,102,120,0.8333,,,,
2016-01-10T00:00:00,133,147,0.6803,,,,
2016-01-11T00:00:00,361,414,4.8309,,,,
2016-01-12T00:00:00,375,446,2.0179,,,,
2016-01-13T00:00:00,349,397,2.5189,,,,
2016-01-14T00:00:00,316,363,4.1322,,,,
2016-01-15T00:00:00,269,296,5.0676,,,,
2016-01-16T00:00:00,113,126,3.9683,,,,
2016-01-17T00:00:00,145,166,2.4096,,,,
2016-01-18T00:00:00,301,331,2.719,,,,
2016-01-19T00:00:00,345,418,3.3493,,,,
2016-01-20T00:00:00,382,440,5,,,,
2016-01-21T00:00:00,369,450,4.8889,,,,
2016-01-22T00:00:00,292,334,3.8922,,,,
2016-01-23T00:00:00,108,121,4.1322,,,,
2016-01-24T00:00:00,147,170,1.1765,,,,
2016-01-25T00:00:00,400,471,5.9448,,,,
2016-01-26T00:00:00,380,423,5.9102,,,,
2016-01-27T00:00:00,330,410,4.878,,,,
2016-01-28T00:00:00,333,386,6.4767,,,,
2016-01-29T00:00:00,345,405,2.963,,,,
2016-01-30T00:00:00,128,140,3.5714,,,,
2016-01-31T00:00:00,156,173,2.8902,,,,
2016-02-01T00:00:00,346,388,4.8969,125,150,49.3333,471
2016-02-02T00:00:00,382,442,3.3937,624,743,46.0296,1006
2016-02-03T00:00:00,334,384,5.2083,449,550,41.4545,783
2016-02-04T00:00:00,361,419,4.2959,320,396,41.6667,681
2016-02-05T00:00:00,399,505,3.5644,221,257,45.5253,620
2016-02-06T00:00:00,130,158,4.4304,80,98,51.0204,210
2016-02-07T00:00:00,115,132,6.8182,69,82,51.2195,184
2016-02-08T00:00:00,321,388,4.8969,265,330,37.8788,586
2016-02-09T00:00:00,358,436,4.1284,258,326,44.1718,616
2016-02-10T00:00:00,348,430,4.8837,343,413,42.1308,691
2016-02-11T00:00:00,344,414,3.3816,568,661,40.6959,912
2016-02-12T00:00:00,277,331,6.0423,213,256,46.4844,490
2016-02-13T00:00:00,107,120,0.8333,37,42,59.5238,144
2016-02-14T00:00:00,125,130,2.3077,81,95,54.7368,206
2016-02-15T00:00:00,270,300,1.6667,125,154,38.961,395
2016-02-16T00:00:00,364,417,2.3981,449,514,43.3852,813
2016-02-17T00:00:00,359,416,3.125,384,444,41.2162,743
2016-02-18T00:00:00,370,428,6.3084,480,550,41.2727,850
2016-02-19T00:00:00,323,376,5.8511,315,374,53.7433,638
2016-02-20T00:00:00,115,127,2.3622,92,113,47.7876,207
2016-02-21T00:00:00,140,151,5.298,85,103,54.3689,225
2016-02-22T00:00:00,412,509,5.1081,185,224,43.3036,597
2016-02-23T00:00:00,354,432,5.5556,184,230,46.5217,538
2016-02-24T00:00:00,348,404,3.7129,190,229,46.2882,538
2016-02-25T00:00:00,393,477,1.8868,168,222,47.2973,561
2016-02-26T00:00:00,363,407,4.4226,123,142,50,486
2016-02-27T00:00:00,116,131,1.5267,37,49,34.6939,153
2016-02-28T00:00:00,152,172,2.3256,49,62,45.1613,201
2016-02-29T00:00:00,466,521,3.4549,147,187,46.5241,613
2016-03-01T00:00:00,380,426,6.338,147,175,45.1429,527
2016-03-02T00:00:00,370,419,4.2959,201,248,43.5484,571
2016-03-03T00:00:00,368,419,5.0119,130,158,46.2025,498
2016-03-04T00:00:00,295,345,5.2174,99,115,39.1304,394
2016-03-05T00:00:00,102,115,1.7391,55,62,38.7097,157
2016-03-06T00:00:00,149,160,2.5,64,80,41.25,213
2016-03-07T00:00:00,374,418,4.3062,115,156,46.7949,489
2016-03-08T00:00:00,429,489,4.2945,135,165,39.3939,564
2016-03-09T00:00:00,398,468,4.7009,156,206,55.8252,554
2016-03-10T00:00:00,394,451,3.1042,231,292,44.5205,625
2016-03-11T00:00:00,315,358,3.0726,159,191,44.5026,474
2016-03-12T00:00:00,109,125,2.4,34,40,32.5,143
2016-03-13T00:00:00,131,143,2.0979,41,51,41.1765,172
2016-03-14T00:00:00,396,445,3.1461,140,181,45.8564,536
2016-03-15T00:00:00,362,410,4.6341,156,191,49.2147,518
2016-03-16T00:00:00,347,399,3.0075,161,206,41.2621,508
2016-03-17T00:00:00,357,407,2.457,163,206,50,520
2016-03-18T00:00:00,260,288,4.1667,107,126,40.4762,367
2016-03-19T00:00:00,113,118,2.5424,29,34,55.8824,142
2016-03-20T00:00:00,159,174,1.7241,62,74,64.8649,221
2016-03-21T00:00:00,351,375,4,152,183,40.9836,503
2016-03-22T00:00:00,393,430,5.5814,130,181,40.3315,523
2016-03-23T00:00:00,366,426,3.0516,112,135,48.1481,478
2016-03-24T00:00:00,400,451,2.8825,95,119,40.3361,495
2016-03-25T00:00:00,345,366,3.0055,71,81,38.2716,416
2016-03-26T00:00:00,128,140,2.1429,15,18,44.4444,143
2016-03-27T00:00:00,211,225,1.7778,20,22,63.6364,231
2016-03-28T00:00:00,468,509,2.3576,129,146,39.0411,597
2016-03-29T00:00:00,383,426,2.8169,200,234,32.4786,583
2016-03-30T00:00:00,386,423,3.7825,214,254,29.5276,600
2016-03-31T00:00:00,411,467,3.4261,198,237,38.8186,609
2016-04-01T00:00:00,318,365,4.9315,136,161,40.3727,454
2016-04-02T00:00:00,109,117,1.7094,41,50,40,150
2016-04-03T00:00:00,127,144,2.7778,63,70,45.7143,190
2016-04-04T00:00:00,392,444,2.9279,172,206,40.2913,564
2016-04-05T00:00:00,400,457,4.3764,158,195,44.6154,558
2016-04-06T00:00:00,429,491,5.2953,150,184,42.9348,579
2016-04-07T00:00:00,387,456,4.8246,163,194,42.7835,550
2016-04-08T00:00:00,292,324,2.4691,161,191,43.9791,453
2016-04-09T00:00:00,133,152,1.9737,59,68,48.5294,192
2016-04-10T00:00:00,193,214,4.6729,141,164,53.0488,334
2016-04-11T00:00:00,396,439,4.328,229,265,47.5472,625
2016-04-12T00:00:00,384,430,4.4186,158,198,44.4444,542
2016-04-13T00:00:00,419,484,4.9587,143,183,45.3552,562
2016-04-14T00:00:00,417,471,2.7601,177,217,37.788,594
2016-04-15T00:00:00,391,464,2.5862,130,164,51.2195,521
2016-04-16T00:00:00,133,150,2.6667,40,52,40.3846,173
2016-04-17T00:00:00,156,173,4.6243,69,81,44.4444,225
2016-04-18T00:00:00,427,503,4.5726,140,181,35.3591,567
2016-04-19T00:00:00,418,510,4.5098,150,183,46.4481,568
2016-04-20T00:00:00,393,442,4.5249,166,198,46.9697,559
2016-04-21T00:00:00,412,489,2.045,132,159,44.6541,544
2016-04-22T00:00:00,300,338,3.2544,121,146,41.7808,421
2016-04-23T00:00:00,138,155,3.2258,27,28,46.4286,165
2016-04-24T00:00:00,182,208,5.7692,33,38,44.7368,215
2016-04-25T00:00:00,373,452,3.9823,124,147,37.415,497
2016-04-26T00:00:00,373,430,3.7209,121,147,50.3401,494
2016-04-27T00:00:00,388,432,4.3981,168,199,46.2312,556
2016-04-28T00:00:00,415,477,4.4025,171,214,43.4579,586
2016-04-29T00:00:00,356,419,6.4439,121,141,44.6809,477
2016-04-30T00:00:00,145,156,5.1282,38,41,46.3415,183
2016-05-01T00:00:00,165,189,2.6455,52,64,32.8125,217
2016-05-02T00:00:00,410,476,2.9412,124,156,39.1026,534
2016-05-03T00:00:00,371,440,3.4091,127,164,35.3659,498
2016-05-04T00:00:00,318,382,4.712,132,156,41.0256,450
2016-05-05T00:00:00,319,362,3.3149,112,146,47.9452,431
2016-05-06T00:00:00,299,328,4.2683,108,127,43.3071,407
2016-05-07T00:00:00,121,139,3.5971,29,30,50,150
2016-05-08T00:00:00,121,129,3.876,45,63,52.381,166
2016-05-09T00:00:00,325,383,2.3499,126,155,50.9677,451
2016-05-10T00:00:00,321,370,3.2432,112,131,48.0916,433
2016-05-11T00:00:00,292,339,3.2448,118,149,38.9262,410
2016-05-12T00:00:00,330,370,4.8649,126,148,36.4865,456
2016-05-13T00:00:00,277,324,4.321,75,86,47.6744,352
2016-05-14T00:00:00,93,114,7.0175,23,29,51.7241,116
2016-05-15T00:00:00,131,149,7.3826,28,29,55.1724,159
2016-05-16T00:00:00,312,342,3.2164,103,117,44.4444,415
2016-05-17T00:00:00,358,397,7.0529,126,149,46.9799,484
2016-05-18T00:00:00,359,401,3.4913,145,181,38.674,504
2016-05-19T00:00:00,310,342,4.6784,144,174,46.5517,454
2016-05-20T00:00:00,282,319,3.4483,101,122,40.9836,383
2016-05-21T00:00:00,105,119,3.3613,31,35,40,136
2016-05-22T00:00:00,170,198,5.5556,33,49,38.7755,203
2016-05-23T00:00:00,344,406,3.9409,115,139,41.7266,459
2016-05-24T00:00:00,392,461,4.1215,100,128,54.6875,492
2016-05-25T00:00:00,386,434,2.765,131,152,38.1579,517
2016-05-26T00:00:00,366,411,2.9197,117,136,42.6471,483
2016-05-27T00:00:00,296,346,3.4682,78,88,50,374
2016-05-28T00:00:00,106,119,1.6807,21,24,41.6667,127
2016-05-29T00:00:00,162,181,3.8674,28,36,44.4444,190
2016-05-30T00:00:00,201,212,0.9434,43,57,45.614,244
2016-05-31T00:00:00,377,427,3.5129,109,134,42.5373,486
2016-06-01T00:00:00,335,372,1.8817,132,154,47.4026,467
2016-06-02T00:00:00,313,357,5.042,121,146,43.8356,434
2016-06-03T00:00:00,280,311,2.8939,130,149,46.3087,410
2016-06-04T00:00:00,118,136,2.9412,54,72,30.5556,172
2016-06-05T00:00:00,103,127,7.0866,32,43,51.1628,135
2016-06-06T00:00:00,345,384,3.9062,108,137,42.3358,453
2016-06-07T00:00:00,375,435,4.3678,119,159,42.1384,494
2016-06-08T00:00:00,333,379,4.2216,143,186,47.8495,476
2016-06-09T00:00:00,333,379,3.6939,145,184,46.7391,478
2016-06-10T00:00:00,270,294,2.381,88,104,46.1538,358
2016-06-11T00:00:00,116,125,0.8,33,43,39.5349,149
2016-06-12T00:00:00,90,100,5,20,21,42.8571,110
2016-06-13T00:00:00,382,426,5.3991,123,154,47.4026,505
2016-06-14T00:00:00,358,396,5.0505,132,185,45.9459,490
2016-06-15T00:00:00,330,373,2.9491,119,149,46.3087,449
2016-06-16T00:00:00,329,361,2.4931,118,143,48.2517,447
2016-06-17T00:00:00,361,405,3.4568,105,131,45.8015,466
2016-06-18T00:00:00,171,188,3.7234,22,27,59.2593,193
2016-06-19T00:00:00,140,151,5.298,25,28,60.7143,165
2016-06-20T00:00:00,364,407,1.9656,128,171,36.8421,492
2016-06-21T00:00:00,369,415,4.3373,142,176,47.7273,511
2016-06-22T00:00:00,326,377,3.7135,124,146,50,450
2016-06-23T00:00:00,344,377,0,122,144,41.6667,466
2016-06-24T00:00:00,229,263,0,100,122,44.2623,329
2016-06-25T00:00:00,108,115,0.8696,45,54,44.4444,153
2016-06-26T00:00:00,136,148,0,44,54,51.8519,180
2016-06-27T00:00:00,373,410,0,600,704,54.4034,973
2016-06-28T00:00:00,353,399,0,270,334,47.9042,623
2016-06-29T00:00:00,360,409,0,224,280,42.5,584
2016-06-30T00:00:00,328,371,0.8086,173,207,52.657,501
2016-07-01T00:00:00,233,264,0,128,160,44.375,361
2016-07-02T00:00:00,100,105,0,43,49,53.0612,143
2016-07-03T00:00:00,127,137,0,56,60,40,183
2016-07-04T00:00:00,148,164,0.6098,81,91,42.8571,229
2016-07-05T00:00:00,344,385,0.2597,193,227,37.8855,537
2016-07-06T00:00:00,351,381,0,206,232,43.9655,557
2016-07-07T00:00:00,326,364,0,183,208,40.3846,509
2016-07-08T00:00:00,259,288,0,140,159,41.5094,399
2016-07-09T00:00:00,90,93,1.0753,38,46,45.6522,128
2016-07-10T00:00:00,109,123,0,45,52,57.6923,154
2016-07-11T00:00:00,347,394,0,196,221,36.6516,543
2016-07-12T00:00:00,334,374,0,186,237,47.6793,520
2016-07-13T00:00:00,280,319,0,171,212,48.1132,451
2016-07-14T00:00:00,310,358,0,183,210,39.5238,493
2016-07-15T00:00:00,292,326,0,118,139,43.8849,410
2016-07-16T00:00:00,97,110,0,31,33,39.3939,128
2016-07-17T00:00:00,109,119,0,42,52,40.3846,151
2016-07-18T00:00:00,333,394,0.2538,152,185,49.7297,485
2016-07-19T00:00:00,318,348,0,143,162,41.9753,461
2016-07-20T00:00:00,314,382,0.2618,160,200,46.5,474
2016-07-21T00:00:00,303,334,0,159,204,40.1961,462
2016-07-22T00:00:00,242,301,0.3322,131,158,36.7089,373
2016-07-23T00:00:00,101,119,0,31,44,38.6364,132
2016-07-24T00:00:00,116,131,0,56,65,30.7692,172
2016-07-25T00:00:00,318,371,0,151,167,45.509,469
2016-07-26T00:00:00,346,373,0,162,197,52.7919,508
2016-07-27T00:00:00,310,348,0,151,183,41.5301,461
2016-07-28T00:00:00,315,346,0,182,234,38.0342,497
2016-07-29T00:00:00,248,278,0,96,116,54.3103,344
2016-07-30T00:00:00,113,118,0,24,25,32,137
2016-07-31T00:00:00,104,124,0,45,53,41.5094,149
2016-08-01T00:00:00,329,383,0,124,175,41.7143,453
2016-08-02T00:00:00,302,354,0,167,208,44.2308,469
2016-08-03T00:00:00,314,353,0,151,194,50,465
2016-08-04T00:00:00,323,380,0.2632,118,142,45.7746,441
2016-08-05T00:00:00,241,281,0.3559,83,93,49.4624,324
2016-08-06T00:00:00,78,86,0,25,28,39.2857,103
2016-08-07T00:00:00,89,95,0,40,43,48.8372,129
2016-08-08T00:00:00,300,325,0,109,129,31.7829,409
2016-08-09T00:00:00,307,339,0,140,175,43.4286,447
2016-08-10T00:00:00,436,484,0.4132,178,210,43.8095,614
2016-08-11T00:00:00,341,375,0,152,183,41.5301,493
2016-08-12T00:00:00,282,308,0,113,131,48.0916,395
2016-08-13T00:00:00,97,108,0,26,26,57.6923,123
2016-08-14T00:00:00,116,126,0,30,37,45.9459,146
2016-08-15T00:00:00,303,338,0.2959,121,153,37.9085,424
2016-08-16T00:00:00,345,404,0.2475,136,162,43.8272,481
2016-08-17T00:00:00,299,327,0,144,174,41.954,443
2016-08-18T00:00:00,310,350,0,169,207,50.2415,479
2016-08-19T00:00:00,221,260,0,100,117,46.1538,321
2016-08-20T00:00:00,97,108,0,24,26,53.8462,121
2016-08-21T00:00:00,126,140,0,40,52,50,166
2016-08-22T00:00:00,286,311,0,124,157,43.3121,410
2016-08-23T00:00:00,410,454,0.2203,162,189,40.2116,572
2016-08-24T00:00:00,366,418,0,162,199,42.7136,528
2016-08-25T00:00:00,300,331,0,151,199,38.6935,451
2016-08-26T00:00:00,278,299,0.3344,83,95,40,361
2016-08-27T00:00:00,444,450,0,20,24,37.5,464
2016-08-28T00:00:00,463,484,0,37,49,53.0612,500
2016-08-29T00:00:00,449,481,0,127,157,40.7643,576
2016-08-30T00:00:00,380,416,0,150,172,45.9302,530
2016-08-31T00:00:00,386,430,0,100,118,50,486
2016-09-01T00:00:00,314,358,0,128,155,48.3871,442
2016-09-02T00:00:00,255,305,0,101,116,51.7241,356
2016-09-03T00:00:00,119,133,0,27,32,40.625,146
2016-09-04T00:00:00,147,166,0,36,38,50,183
2016-09-05T00:00:00,147,166,0,51,66,51.5152,198
2016-09-06T00:00:00,352,401,0,114,134,41.791,466
2016-09-07T00:00:00,337,387,0,170,208,45.6731,507
2016-09-08T00:00:00,383,451,0,125,146,52.0548,508
2016-09-09T00:00:00,288,323,0,114,141,45.3901,402
2016-09-10T00:00:00,132,143,0,29,33,36.3636,161
2016-09-11T00:00:00,164,176,0,47,55,50.9091,211
2016-09-12T00:00:00,368,417,0,121,138,42.7536,489
2016-09-13T00:00:00,350,411,0,156,187,43.3155,506
2016-09-14T00:00:00,344,396,0,135,171,46.1988,479
2016-09-15T00:00:00,371,404,0,162,194,43.8144,533
2016-09-16T00:00:00,281,319,0.3135,85,101,48.5149,366
2016-09-17T00:00:00,96,108,0,28,30,73.3333,124
2016-09-18T00:00:00,132,144,0,46,52,48.0769,178
2016-09-19T00:00:00,389,449,0,154,190,53.1579,543
2016-09-20T00:00:00,386,450,0,145,185,38.3784,531
2016-09-21T00:00:00,359,391,0,194,239,51.4644,553
2016-09-22T00:00:00,371,412,0,149,180,42.2222,520
2016-09-23T00:00:00,272,299,0,108,127,55.9055,380
2016-09-24T00:00:00,112,124,0,43,52,42.3077,155
2016-09-25T00:00:00,141,149,0,59,71,43.662,200
2016-09-26T00:00:00,314,371,0,168,206,51.4563,482
2016-09-27T00:00:00,371,417,0.2398,164,185,45.4054,535
2016-09-28T00:00:00,365,405,0,157,195,47.1795,522
2016-09-29T00:00:00,372,411,0.2433,190,232,43.5345,562
2016-09-30T00:00:00,272,302,0.3311,110,117,52.9915,382
2016-10-01T00:00:00,138,153,0,38,43,39.5349,176
2016-10-02T00:00:00,104,112,0,46,51,29.4118,150
2016-10-03T00:00:00,342,371,0,146,178,47.191,488
2016-10-04T00:00:00,428,482,0,197,242,38.843,625
2016-10-05T00:00:00,366,423,0,224,254,47.6378,590
2016-10-06T00:00:00,307,347,0,191,228,48.6842,498
2016-10-07T00:00:00,284,338,0,148,173,41.6185,432
2016-10-08T00:00:00,126,144,0,31,31,54.8387,157
2016-10-09T00:00:00,149,167,0,46,53,43.3962,195
2016-10-10T00:00:00,353,389,0,118,140,47.1429,471
2016-10-11T00:00:00,352,407,0,165,191,47.644,517
2016-10-12T00:00:00,375,429,0.2331,174,203,45.3202,549
2016-10-13T00:00:00,354,410,0,159,190,44.7368,513
2016-10-14T00:00:00,254,302,0,113,131,48.855,367
2016-10-15T00:00:00,117,131,0,35,36,52.7778,152
2016-10-16T00:00:00,119,137,0,37,41,65.8537,156
2016-10-17T00:00:00,365,426,0.2347,134,152,44.0789,499
2016-10-18T00:00:00,349,398,0,148,168,44.0476,497
2016-10-19T00:00:00,311,341,0.2933,151,180,48.8889,462
2016-10-20T00:00:00,346,391,0,127,149,47.651,473
2016-10-21T00:00:00,240,272,0,123,145,41.3793,363
2016-10-22T00:00:00,128,143,0,30,37,37.8378,158
2016-10-23T00:00:00,133,147,0,49,66,42.4242,182
2016-10-24T00:00:00,385,442,0,137,158,41.7722,522
2016-10-25T00:00:00,336,375,0,150,163,46.0123,486
2016-10-26T00:00:00,342,394,0,169,191,42.9319,511
2016-10-27T00:00:00,329,366,0,170,190,43.6842,499
2016-10-28T00:00:00,287,335,0,133,155,51.6129,420
2016-10-29T00:00:00,113,120,0,40,48,27.0833,153
2016-10-30T00:00:00,129,151,0,42,55,34.5455,171
2016-10-31T00:00:00,375,452,0.2212,123,148,45.2703,498
2016-11-01T00:00:00,327,361,0,151,190,43.1579,478
2016-11-02T00:00:00,382,423,0,203,245,42.449,585
2016-11-03T00:00:00,357,399,0,149,186,40.3226,506
2016-11-04T00:00:00,253,287,0,99,122,36.0656,352
2016-11-05T00:00:00,126,142,0,34,39,41.0256,160
2016-11-06T00:00:00,163,184,0,41,47,44.6809,204
2016-11-07T00:00:00,432,488,0,154,193,45.0777,586
2016-11-08T00:00:00,401,445,0.2247,154,186,54.8387,555
2016-11-09T00:00:00,345,382,0,129,152,49.3421,474
2016-11-10T00:00:00,331,376,0.266,136,165,44.2424,467
2016-11-11T00:00:00,212,242,0,60,72,47.2222,272
2016-11-12T00:00:00,137,163,0,39,45,33.3333,176
2016-11-13T00:00:00,133,144,0,53,63,38.0952,186
2016-11-14T00:00:00,419,490,0.2041,164,205,39.5122,583
2016-11-15T00:00:00,399,468,0,166,202,42.0792,565
2016-11-16T00:00:00,406,480,0,156,178,43.8202,562
2016-11-17T00:00:00,404,466,0,154,189,45.5026,558
2016-11-18T00:00:00,305,358,0,111,135,37.037,416
2016-11-19T00:00:00,135,153,0,33,39,30.7692,168
2016-11-20T00:00:00,125,145,0.6897,54,60,50,179
2016-11-21T00:00:00,380,459,0.2179,117,141,43.9716,497
2016-11-22T00:00:00,357,420,0,140,166,41.5663,497
2016-11-23T00:00:00,254,283,0,129,158,42.4051,383
2016-11-24T00:00:00,108,114,0,59,73,57.5342,167
2016-11-25T00:00:00,110,118,0,45,48,35.4167,155
2016-11-26T00:00:00,126,135,0,33,38,47.3684,159
2016-11-27T00:00:00,149,178,0,49,63,57.1429,198
2016-11-28T00:00:00,380,450,0,123,148,42.5676,503
2016-11-29T00:00:00,424,476,1.8908,192,216,37.963,616
2016-11-30T00:00:00,389,447,3.132,138,161,47.205,527
2016-12-01T00:00:00,377,444,2.2523,155,188,45.7447,532
2016-12-02T00:00:00,328,376,0.7979,112,130,31.5385,440
2016-12-03T00:00:00,145,167,0,44,60,20,189
2016-12-04T00:00:00,177,197,0.5076,49,59,28.8136,226
2016-12-05T00:00:00,408,494,1.0121,141,187,43.8503,549
2016-12-06T00:00:00,482,554,1.2635,179,199,40.201,661
2016-12-07T00:00:00,362,433,0.4619,157,185,45.9459,519
2016-12-08T00:00:00,346,383,0.2611,129,152,43.4211,475
2016-12-09T00:00:00,258,292,1.0274,100,111,43.2432,358
2016-12-10T00:00:00,124,130,0,21,21,52.381,145
2016-12-11T00:00:00,108,121,1.6529,33,46,41.3043,141
2016-12-12T00:00:00,354,414,0.9662,121,140,45.7143,475
2016-12-13T00:00:00,315,362,0.8287,154,190,42.1053,469
2016-12-14T00:00:00,303,335,0.8955,114,130,46.1538,417
2016-12-15T00:00:00,265,289,1.3841,118,144,41.6667,383
2016-12-16T00:00:00,199,235,1.2766,93,117,44.4444,292
2016-12-17T00:00:00,86,90,2.2222,39,45,42.2222,125
2016-12-18T00:00:00,90,97,1.0309,36,38,60.5263,126
2016-12-19T00:00:00,308,348,3.1609,108,132,43.9394,416
2016-12-20T00:00:00,251,281,1.7794,111,130,39.2308,362
2016-12-21T00:00:00,233,255,1.5686,88,100,50,321
2016-12-22T00:00:00,219,251,0.7968,80,93,44.086,299
2016-12-23T00:00:00,149,164,0,46,48,33.3333,195
2016-12-24T00:00:00,59,63,0,9,11,63.6364,68
2016-12-25T00:00:00,86,89,3.3708,22,27,44.4444,108
2016-12-26T00:00:00,120,129,2.3256,20,21,38.0952,140
2016-12-27T00:00:00,213,238,0,71,81,41.9753,284
2016-12-28T00:00:00,213,238,1.6807,87,100,44,300
2016-12-29T00:00:00,207,236,1.2712,62,69,43.4783,269
2016-12-30T00:00:00,162,183,1.6393,34,34,38.2353,196
2016-12-31T00:00:00,81,83,3.6145,15,17,47.0588,96
2017-01-01T00:00:00,84,93,0,25,26,50,109
2017-01-02T00:00:00,135,153,1.9608,41,49,36.7347,176
2017-01-03T00:00:00,301,345,0.5797,100,116,47.4138,401
2017-01-04T00:00:00,327,374,2.139,111,126,51.5873,438
2017-01-05T00:00:00,337,372,14.2473,133,160,52.5,470
2017-01-06T00:00:00,282,321,9.9688,84,98,44.898,366
2017-01-07T00:00:00,104,114,7.8947,20,22,40.9091,124
2017-01-08T00:00:00,118,131,9.1603,33,38,39.4737,151
2017-01-09T00:00:00,401,454,7.7093,112,126,50,513
2017-01-10T00:00:00,340,400,7.75,133,153,37.9085,473
2017-01-11T00:00:00,381,446,15.2466,141,160,40.625,522
2017-01-12T00:00:00,345,379,9.4987,131,158,48.1013,476
2017-01-13T00:00:00,276,311,8.0386,81,92,44.5652,357
2017-01-14T00:00:00,108,114,7.8947,25,27,25.9259,133
2017-01-15T00:00:00,138,152,18.4211,39,48,37.5,177
2017-01-16T00:00:00,295,331,8.1571,86,98,45.9184,381
2017-01-17T00:00:00,384,430,9.0698,134,148,44.5946,518
2017-01-18T00:00:00,389,440,10.9091,132,151,51.6556,521
2017-01-19T00:00:00,347,393,9.1603,126,144,42.3611,473
2017-01-20T00:00:00,277,305,12.1311,95,106,39.6226,372
2017-01-21T00:00:00,107,123,10.5691,24,28,25,131
2017-01-22T00:00:00,163,195,16.9231,48,58,37.931,211
2017-01-23T00:00:00,423,500,11.6,139,161,49.6894,562
2017-01-24T00:00:00,431,482,10.5809,150,178,37.6404,581
2017-01-25T00:00:00,432,498,11.8474,147,166,40.9639,579
2017-01-26T00:00:00,350,411,7.5426,153,174,39.0805,503
2017-01-27T00:00:00,338,386,11.1399,95,106,40.566,433
2017-01-28T00:00:00,124,137,5.1095,39,42,38.0952,163
2017-01-29T00:00:00,135,144,8.3333,32,34,44.1176,167
2017-01-30T00:00:00,404,454,9.4714,156,178,47.191,560
2017-01-31T00:00:00,333,362,6.0773,187,229,32.3144,520
2017-02-01T00:00:00,358,419,7.8759,152,180,52.2222,510
2017-02-02T00:00:00,403,452,9.292,149,171,42.6901,552
2017-02-03T00:00:00,318,361,9.9723,101,119,41.1765,419
2017-02-04T00:00:00,128,143,8.3916,39,44,47.7273,167
2017-02-05T00:00:00,123,140,12.8571,44,47,40.4255,167
2017-02-06T00:00:00,384,436,7.3394,142,168,36.9048,526
2017-02-07T00:00:00,410,458,8.2969,141,155,35.4839,551
2017-02-08T00:00:00,426,488,11.0656,146,168,34.5238,572
2017-02-09T00:00:00,401,465,7.0968,168,208,41.8269,569
2017-02-10T00:00:00,351,394,7.868,98,115,35.6522,449
2017-02-11T00:00:00,129,150,6,25,31,54.8387,154
2017-02-12T00:00:00,126,148,10.1351,37,41,46.3415,163
2017-02-13T00:00:00,393,444,8.7838,134,149,45.6376,527
2017-02-14T00:00:00,397,469,9.5949,138,163,38.0368,535
2017-02-15T00:00:00,420,499,10.6212,157,183,36.612,577
2017-02-16T00:00:00,363,406,12.5616,158,191,43.4555,521
2017-02-17T00:00:00,360,415,13.9759,116,136,39.7059,476
2017-02-18T00:00:00,132,155,12.2581,58,63,46.0317,190
2017-02-19T00:00:00,154,165,9.697,52,60,31.6667,206
2017-02-20T00:00:00,271,302,9.9338,123,147,44.898,394
2017-02-21T00:00:00,444,497,9.0543,165,184,48.3696,609
2017-02-22T00:00:00,446,503,10.7356,179,217,41.0138,625
2017-02-23T00:00:00,414,461,10.6291,158,184,38.0435,572
2017-02-24T00:00:00,319,363,8.5399,93,106,48.1132,412
2017-02-25T00:00:00,112,128,7.8125,45,53,41.5094,157
2017-02-26T00:00:00,179,207,8.6957,63,83,37.3494,242
2017-02-27T00:00:00,446,508,9.8425,145,176,48.2955,591
2017-02-28T00:00:00,506,577,9.0121,130,145,39.3103,636
2017-03-01T00:00:00,387,426,8.4507,150,178,39.8876,537
2017-03-02T00:00:00,403,461,6.7245,136,153,37.2549,539
2017-03-03T00:00:00,286,321,7.4766,87,105,42.8571,373
2017-03-04T00:00:00,165,193,10.3627,51,54,37.037,216
2017-03-05T00:00:00,157,178,5.618,67,76,36.8421,224
2017-03-06T00:00:00,383,448,8.7054,145,164,42.6829,528
2017-03-07T00:00:00,415,506,11.0672,148,161,42.8571,563
2017-03-08T00:00:00,388,449,14.6993,152,182,42.3077,540
2017-03-09T00:00:00,422,501,12.1756,142,169,40.2367,564
2017-03-10T00:00:00,376,441,14.7392,112,130,37.6923,488
2017-03-11T00:00:00,128,142,12.6761,28,31,16.129,156
2017-03-12T00:00:00,128,142,11.2676,56,63,33.3333,184
2017-03-13T00:00:00,385,454,9.0308,137,157,44.586,522
2017-03-14T00:00:00,413,454,11.0132,170,192,42.1875,583
2017-03-15T00:00:00,355,431,10.6729,157,188,37.766,512
2017-03-16T00:00:00,376,426,11.0329,152,181,35.9116,528
2017-03-17T00:00:00,294,331,14.8036,110,122,37.7049,404
2017-03-18T00:00:00,105,119,17.6471,45,46,32.6087,150
2017-03-19T00:00:00,157,172,17.4419,76,86,39.5349,233
2017-03-20T00:00:00,385,438,10.274,154,181,43.0939,539
2017-03-21T00:00:00,377,439,15.0342,147,185,41.0811,524
2017-03-22T00:00:00,386,436,11.6972,174,209,39.2344,560
2017-03-23T00:00:00,372,416,9.375,171,192,38.5417,543
2017-03-24T00:00:00,292,337,10.9792,155,177,41.2429,447
2017-03-25T00:00:00,144,162,12.963,58,67,41.791,202
2017-03-26T00:00:00,118,132,10.6061,73,89,42.6966,191
2017-03-27T00:00:00,317,363,15.1515,176,207,38.6473,493
2017-03-28T00:00:00,392,457,10.9409,197,226,34.0708,589
2017-03-29T00:00:00,361,410,11.9512,161,181,41.989,522
2017-03-30T00:00:00,336,372,9.4086,157,180,36.1111,493
2017-03-31T00:00:00,342,408,10.7843,135,152,35.5263,477
2017-04-01T00:00:00,195,256,8.9844,64,82,39.0244,259
2017-04-02T00:00:00,155,164,16.4634,56,61,45.9016,211
2017-04-03T00:00:00,443,543,9.5764,158,194,35.0515,601
2017-04-04T00:00:00,437,510,10,166,186,38.7097,603
2017-04-05T00:00:00,433,500,10.8,199,228,37.7193,632
2017-04-06T00:00:00,398,457,16.1926,161,184,45.1087,559
2017-04-07T00:00:00,302,347,13.8329,119,136,36.7647,421
2017-04-08T00:00:00,109,123,13.8211,47,56,48.2143,156
2017-04-09T00:00:00,126,135,10.3704,85,90,43.3333,211
2017-04-10T00:00:00,339,386,8.2902,215,254,37.0079,554
2017-04-11T00:00:00,381,442,15.1584,158,185,40,539
2017-04-12T00:00:00,409,472,16.1017,186,230,27.3913,595
2017-04-13T00:00:00,350,408,12.9902,164,184,36.9565,514
2017-04-14T00:00:00,273,306,8.1699,118,139,31.6547,391
2017-04-15T00:00:00,132,150,22.6667,38,45,40,170
2017-04-16T00:00:00,133,156,19.8718,46,51,49.0196,179
2017-04-17T00:00:00,395,449,15.1448,135,157,40.1274,530
2017-04-18T00:00:00,393,461,13.0152,172,194,36.0825,565
2017-04-19T00:00:00,385,464,16.3793,189,233,42.0601,574
2017-04-20T00:00:00,412,476,8.8235,181,204,45.098,593
2017-04-21T00:00:00,354,422,16.1137,115,133,39.8496,469
2017-04-22T00:00:00,167,195,21.5385,65,72,31.9444,232
2017-04-23T00:00:00,153,162,21.6049,75,81,32.0988,228
2017-04-24T00:00:00,413,458,14.8472,162,189,37.037,575
2017-04-25T00:00:00,390,444,11.7117,188,216,33.7963,578
2017-04-26T00:00:00,444,518,11.7761,181,205,39.0244,625
2017-04-27T00:00:00,398,460,15.8696,195,222,39.6396,593
2017-04-28T00:00:00,335,392,11.2245,131,161,47.205,466
2017-04-29T00:00:00,134,156,14.7436,53,61,29.5082,187
2017-04-30T00:00:00,123,142,19.0141,56,63,44.4444,179
2017-05-01T00:00:00,392,439,13.6674,151,168,35.119,543
2017-05-02T00:00:00,434,495,12.7273,215,248,36.6935,649
2017-05-03T00:00:00,404,466,11.3734,189,233,39.485,593
2017-05-04T00:00:00,353,396,12.8788,126,145,42.069,479
2017-05-05T00:00:00,301,358,12.0112,122,141,41.844,423
2017-05-06T00:00:00,110,119,11.7647,53,61,29.5082,163
2017-05-07T00:00:00,149,184,17.3913,71,80,37.5,220
2017-05-08T00:00:00,410,485,12.9897,156,191,41.3613,566
2017-05-09T00:00:00,385,444,14.6396,156,180,40.5556,541
2017-05-10T00:00:00,385,427,14.5199,199,236,35.5932,584
2017-05-11T00:00:00,360,414,11.1111,172,203,37.4384,532
2017-05-12T00:00:00,279,314,13.6943,111,118,35.5932,390
2017-05-13T00:00:00,125,142,18.3099,34,45,26.6667,159
2017-05-14T00:00:00,116,146,16.4384,54,62,32.2581,170
2017-05-15T00:00:00,351,424,9.6698,163,197,40.6091,514
2017-05-16T00:00:00,335,375,12.5333,160,188,38.8298,495
2017-05-17T00:00:00,344,397,12.5945,176,199,41.7085,520
2017-05-18T00:00:00,371,444,12.8378,177,205,36.0976,548
2017-05-19T00:00:00,312,359,11.9777,122,136,37.5,434
2017-05-20T00:00:00,121,132,15.1515,39,45,24.4444,160
2017-05-21T00:00:00,122,136,15.4412,59,66,40.9091,181
2017-05-22T00:00:00,386,467,11.1349,147,179,35.1955,533
2017-05-23T00:00:00,366,424,12.7358,187,208,41.3462,553
2017-05-24T00:00:00,334,376,13.8298,167,199,33.6683,501
2017-05-25T00:00:00,363,424,10.1415,159,180,37.2222,522
2017-05-26T00:00:00,253,287,6.6202,119,138,45.6522,372
2017-05-27T00:00:00,106,119,12.605,38,40,37.5,144
2017-05-28T00:00:00,119,133,9.0226,58,63,39.6825,177
2017-05-29T00:00:00,147,165,11.5152,87,105,50.4762,234
2017-05-30T00:00:00,384,467,13.9186,185,227,36.1233,569
2017-05-31T00:00:00,425,512,19.1406,188,220,33.6364,613
2017-06-01T00:00:00,393,459,14.3791,165,194,37.6289,558
2017-06-02T00:00:00,297,349,10.6017,138,164,30.4878,435
2017-06-03T00:00:00,114,138,9.4203,57,70,34.2857,171
2017-06-04T00:00:00,134,151,9.9338,65,70,34.2857,199
2017-06-05T00:00:00,375,435,13.7931,149,168,44.6429,524
2017-06-06T00:00:00,384,438,12.3288,147,175,37.7143,531
2017-06-07T00:00:00,398,449,14.2539,166,195,36.9231,564
2017-06-08T00:00:00,357,418,11.9617,146,167,31.1377,503
2017-06-09T00:00:00,334,368,15.7609,112,122,41.8033,446
2017-06-10T00:00:00,153,185,11.8919,45,51,31.3725,198
2017-06-11T00:00:00,131,141,18.4397,64,71,43.662,195
2017-06-12T00:00:00,392,457,19.256,150,163,34.9693,542
2017-06-13T00:00:00,397,462,15.1515,177,208,46.6346,574
2017-06-14T00:00:00,452,514,21.0117,196,226,39.823,648
2017-06-15T00:00:00,399,467,15.8458,153,168,39.881,552
2017-06-16T00:00:00,290,324,16.6667,131,154,35.7143,421
2017-06-17T00:00:00,94,103,28.1553,37,45,17.7778,131
2017-06-18T00:00:00,112,132,19.697,41,47,44.6809,153
2017-06-19T00:00:00,373,441,17.6871,156,180,42.2222,529
2017-06-20T00:00:00,405,484,13.6364,175,207,39.6135,580
2017-06-21T00:00:00,393,442,22.3982,159,183,36.612,552
2017-06-22T00:00:00,342,395,17.7215,167,183,37.7049,509
2017-06-23T00:00:00,311,362,14.9171,110,123,41.4634,421
2017-06-24T00:00:00,113,126,19.8413,35,38,39.4737,148
2017-06-25T00:00:00,109,116,17.2414,53,54,31.4815,162
2017-06-26T00:00:00,349,405,14.8148,177,200,41,526
2017-06-27T00:00:00,384,436,13.7615,202,234,35.4701,586
2017-06-28T00:00:00,367,417,18.705,232,253,36.3636,599
2017-06-29T00:00:00,350,407,11.7936,188,223,42.1525,538
2017-06-30T00:00:00,280,314,14.0127,123,146,34.9315,403
2017-07-01T00:00:00,111,117,12.8205,52,56,51.7857,163
2017-07-02T00:00:00,102,114,12.2807,63,71,28.169,165
2017-07-03T00:00:00,269,299,14.0468,131,140,31.4286,400
2017-07-04T00:00:00,107,122,13.1148,73,79,40.5063,180
2017-07-05T00:00:00,370,435,12.1839,206,239,33.4728,576
2017-07-06T00:00:00,387,453,14.128,202,238,32.7731,589
2017-07-07T00:00:00,336,386,13.7306,146,165,36.3636,482
2017-07-08T00:00:00,187,195,19.4872,74,78,38.4615,261
2017-07-09T00:00:00,159,167,13.7725,80,90,32.2222,239
2017-07-10T00:00:00,419,480,12.9167,170,194,39.1753,589
2017-07-11T00:00:00,335,399,15.7895,182,212,41.0377,517
2017-07-12T00:00:00,381,450,15.1111,206,237,37.5527,587
2017-07-13T00:00:00,415,477,12.7883,297,332,51.506,712
2017-07-14T00:00:00,334,393,13.7405,1030,1099,54.7771,1364
2017-07-15T00:00:00,113,125,16,256,266,52.2556,369
2017-07-16T00:00:00,130,142,16.1972,134,165,47.8788,264
2017-07-17T00:00:00,415,478,14.6444,297,327,39.1437,712
2017-07-18T00:00:00,390,462,14.0693,263,304,47.6974,653
2017-07-19T00:00:00,372,451,13.3038,302,362,46.1326,674
2017-07-20T00:00:00,351,403,18.1141,180,209,38.756,531
2017-07-21T00:00:00,294,360,13.6111,173,197,37.0558,467
2017-07-22T00:00:00,127,140,16.4286,60,67,38.806,187
2017-07-23T00:00:00,121,136,13.9706,70,75,34.6667,191
2017-07-24T00:00:00,378,442,14.4796,200,221,40.724,578
2017-07-25T00:00:00,401,454,11.674,235,261,33.7165,636
2017-07-26T00:00:00,321,367,14.7139,183,201,45.2736,504
2017-07-27T00:00:00,355,413,12.5908,210,238,35.2941,565
2017-07-28T00:00:00,297,354,15.2542,168,194,40.7216,465
2017-07-29T00:00:00,121,137,14.5985,53,55,23.6364,174
2017-07-30T00:00:00,119,134,17.1642,73,80,38.75,192
2017-07-31T00:00:00,371,419,16.4678,165,196,25.5102,536
2017-08-01T00:00:00,403,472,11.0169,184,219,30.137,587
2017-08-02T00:00:00,356,402,18.9055,220,260,38.4615,576
2017-08-03T00:00:00,392,449,13.1403,186,204,35.7843,578
2017-08-04T00:00:00,321,393,16.285,127,133,30.8271,448
2017-08-05T00:00:00,133,154,14.2857,58,62,29.0323,191
2017-08-06T00:00:00,133,157,21.6561,75,89,33.7079,208
2017-08-07T00:00:00,386,439,13.4396,193,214,30.3738,579
2017-08-08T00:00:00,405,470,13.1915,181,205,33.6585,586
2017-08-09T00:00:00,380,429,16.7832,196,224,38.8393,576
2017-08-10T00:00:00,325,365,15.0685,206,226,39.823,531
2017-08-11T00:00:00,321,350,12.5714,171,181,43.0939,492
2017-08-12T00:00:00,108,117,26.4957,48,53,20.7547,156
2017-08-13T00:00:00,114,122,9.0164,45,47,42.5532,159
2017-08-14T00:00:00,369,420,15,197,222,40.991,566
2017-08-15T00:00:00,354,395,13.9241,184,206,38.3495,538
2017-08-16T00:00:00,335,382,12.8272,189,213,34.2723,524
2017-08-17T00:00:00,314,360,10,188,209,38.2775,502
2017-08-18T00:00:00,297,349,14.8997,132,144,38.1944,429
2017-08-19T00:00:00,102,109,12.844,69,77,31.1688,171
2017-08-20T00:00:00,113,118,15.2542,68,71,29.5775,181
2017-08-21T00:00:00,300,342,15.2047,158,185,51.8919,458
2017-08-22T00:00:00,398,428,14.486,205,226,42.4779,603
2017-08-23T00:00:00,341,391,13.0435,214,260,43.0769,555
2017-08-24T00:00:00,316,360,15.2778,190,215,33.9535,506
2017-08-25T00:00:00,262,297,13.468,155,185,35.6757,417
2017-08-26T00:00:00,100,107,14.0187,61,69,39.1304,161
2017-08-27T00:00:00,120,132,14.3939,78,85,37.6471,198
2017-08-28T00:00:00,346,385,11.1688,230,249,36.9478,576
2017-08-29T00:00:00,377,420,15.9524,214,243,32.9218,591
2017-08-30T00:00:00,393,435,19.5402,187,208,37.9808,580
2017-08-31T00:00:00,367,409,18.8264,199,236,33.4746,566
2017-09-01T00:00:00,281,310,18.7097,184,206,33.9806,465
2017-09-02T00:00:00,130,150,16.6667,55,58,29.3103,185
2017-09-03T00:00:00,125,138,17.3913,89,107,29.9065,214
2017-09-04T00:00:00,164,178,14.0449,105,128,34.375,269
2017-09-05T00:00:00,400,450,13.5556,227,269,35.316,627
2017-09-06T00:00:00,381,427,16.8618,216,243,29.2181,597
2017-09-07T00:00:00,371,418,11.4833,243,283,29.3286,614
2017-09-08T00:00:00,346,392,14.7959,216,270,30.3704,562
2017-09-09T00:00:00,145,168,19.6429,108,137,18.2482,253
2017-09-10T00:00:00,164,191,17.801,108,139,33.8129,272
2017-09-11T00:00:00,403,469,16.2047,244,280,35.7143,647
2017-09-12T00:00:00,421,486,18.7243,409,446,36.3229,830
2017-09-13T00:00:00,451,505,14.6535,237,276,37.3188,688
2017-09-14T00:00:00,417,479,16.9102,216,265,35.0943,633
2017-09-15T00:00:00,315,363,19.2837,167,202,33.1683,482
2017-09-16T00:00:00,116,138,16.6667,72,83,22.8916,188
2017-09-17T00:00:00,169,195,20.5128,118,151,29.1391,287
2017-09-18T00:00:00,396,464,18.319,236,290,28.6207,632
2017-09-19T00:00:00,415,473,15.6448,382,440,26.1364,797
2017-09-20T00:00:00,420,489,13.0879,362,405,24.4444,782
2017-09-21T00:00:00,417,482,14.3154,289,340,33.8235,706
2017-09-22T00:00:00,363,417,18.9448,233,276,26.087,596
2017-09-23T00:00:00,149,194,24.7423,119,147,23.1293,268
2017-09-24T00:00:00,158,184,21.1957,119,130,33.0769,277
2017-09-25T00:00:00,396,454,13.4361,249,299,35.1171,645
2017-09-26T00:00:00,446,519,12.5241,253,288,35.4167,699
2017-09-27T00:00:00,417,479,14.405,275,323,40.5573,692
2017-09-28T00:00:00,425,483,12.0083,203,236,33.0508,628
2017-09-29T00:00:00,325,371,16.1725,175,202,26.2376,500
2017-09-30T00:00:00,141,153,16.3399,99,109,22.9358,240
2017-10-01T00:00:00,153,167,13.1737,81,94,36.1702,234
2017-10-02T00:00:00,448,487,17.6591,219,252,38.8889,667
2017-10-03T00:00:00,424,497,14.4869,190,231,34.1991,614
2017-10-04T00:00:00,476,546,13.1868,262,306,28.4314,738
2017-10-05T00:00:00,410,475,14.5263,194,240,29.5833,604
2017-10-06T00:00:00,365,419,11.4558,185,208,38.4615,550
2017-10-07T00:00:00,124,142,14.0845,78,88,23.8636,202
2017-10-08T00:00:00,170,191,12.0419,80,88,35.2273,250
2017-10-09T00:00:00,368,421,15.9145,251,286,25.1748,619
2017-10-10T00:00:00,448,499,16.8337,241,276,33.3333,689
2017-10-11T00:00:00,446,507,14.0039,259,298,36.9128,705
2017-10-12T00:00:00,439,514,13.8132,231,258,31.7829,670
2017-10-13T00:00:00,342,387,15.2455,167,190,37.8947,509
2017-10-14T00:00:00,135,158,12.6582,77,80,32.5,212
2017-10-15T00:00:00,180,205,14.1463,86,104,40.3846,266
2017-10-16T00:00:00,434,493,17.4442,247,287,29.2683,681
2017-10-17T00:00:00,505,570,18.4211,284,360,31.9444,789
2017-10-18T00:00:00,511,578,15.7439,263,312,33.3333,774
2017-10-19T00:00:00,444,521,17.4664,222,257,30.7393,666
2017-10-20T00:00:00,336,389,10.5398,162,195,29.7436,498
2017-10-21T00:00:00,169,197,20.3046,79,87,27.5862,248
2017-10-22T00:00:00,214,256,15.625,106,121,34.7107,320
2017-10-23T00:00:00,709,783,40.8685,384,411,51.8248,1093
2017-10-24T00:00:00,468,527,18.2163,291,337,28.4866,759
2017-10-25T00:00:00,440,489,13.7014,261,289,30.7958,701
2017-10-26T00:00:00,417,464,17.0259,186,216,38.4259,603
2017-10-27T00:00:00,368,423,19.1489,181,199,35.1759,549
2017-10-28T00:00:00,146,165,25.4545,68,72,23.6111,214
2017-10-29T00:00:00,219,250,28.4,94,109,33.0275,313
2017-10-30T00:00:00,477,545,16.8807,228,256,33.9844,705
2017-10-31T00:00:00,429,503,14.7117,216,245,36.7347,645
2017-11-01T00:00:00,402,464,20.4741,206,230,29.5652,608
2017-11-02T00:00:00,424,484,19.2149,199,242,24.3802,623
2017-11-03T00:00:00,389,454,16.9604,205,239,37.2385,594
2017-11-04T00:00:00,167,186,18.8172,74,88,34.0909,241
2017-11-05T00:00:00,173,199,21.1055,91,108,21.2963,264
2017-11-06T00:00:00,460,528,18.9394,234,268,31.7164,694
2017-11-07T00:00:00,482,549,16.3934,286,332,34.3373,768
2017-11-08T00:00:00,442,498,17.6707,281,328,29.878,723
2017-11-09T00:00:00,451,503,20.8748,241,268,33.5821,692
2017-11-10T00:00:00,306,334,20.0599,154,178,30.8989,460
2017-11-11T00:00:00,162,192,21.3542,101,124,32.2581,263
2017-11-12T00:00:00,217,260,16.1538,115,151,28.4768,332
2017-11-13T00:00:00,456,525,16.7619,308,349,35.8166,764
2017-11-14T00:00:00,513,597,14.5729,256,291,34.3643,769
2017-11-15T00:00:00,487,557,14.1831,259,324,29.6296,746
2017-11-16T00:00:00,459,527,17.4573,247,284,30.9859,706
2017-11-17T00:00:00,360,449,16.4811,213,247,30.3644,573
2017-11-18T00:00:00,159,181,22.6519,108,127,25.1969,267
2017-11-19T00:00:00,185,210,17.1429,90,97,37.1134,275
2017-11-20T00:00:00,497,590,15.5932,256,289,33.564,753
2017-11-21T00:00:00,438,510,16.6667,229,264,25.7576,667
2017-11-22T00:00:00,306,348,16.092,167,193,33.6788,473
2017-11-23T00:00:00,125,146,17.8082,89,103,44.6602,214
2017-11-24T00:00:00,182,216,14.3519,95,109,26.6055,277
2017-11-25T00:00:00,152,168,22.0238,74,82,36.5854,226
2017-11-26T00:00:00,209,237,20.6751,92,99,25.2525,301
2017-11-27T00:00:00,519,655,15.7252,317,421,27.3159,836
2017-11-28T00:00:00,458,514,16.537,329,379,29.0237,787
2017-11-29T00:00:00,495,557,19.7487,274,314,32.4841,769
2017-11-30T00:00:00,488,573,21.1169,239,281,29.8932,727
2017-12-01T00:00:00,415,496,14.3145,196,220,32.2727,611
2017-12-02T00:00:00,210,235,17.4468,91,99,32.3232,301
2017-12-03T00:00:00,197,250,28,97,107,28.972,294
2017-12-04T00:00:00,483,556,16.9065,328,373,23.3244,811
2017-12-05T00:00:00,472,543,23.5727,334,399,23.8095,806
2017-12-06T00:00:00,434,493,20.6897,490,556,15.6475,924
2017-12-07T00:00:00,471,526,15.3992,360,406,25.3695,831
2017-12-08T00:00:00,348,392,18.8776,220,245,22.0408,568
2017-12-09T00:00:00,177,203,17.2414,88,104,21.1538,265
2017-12-10T00:00:00,197,232,21.5517,104,107,28.972,301
2017-12-11T00:00:00,421,493,16.0243,232,262,31.2977,653
2017-12-12T00:00:00,402,475,18.5263,237,274,33.5766,639
2017-12-13T00:00:00,436,497,18.9135,243,302,27.8146,679
2017-12-14T00:00:00,392,468,19.2308,224,264,31.8182,616
2017-12-15T00:00:00,321,369,13.0081,169,195,28.7179,490
2017-12-16T00:00:00,147,171,19.883,72,80,32.5,219
2017-12-17T00:00:00,126,141,24.8227,80,87,28.7356,206
2017-12-18T00:00:00,366,425,16.7059,227,252,29.3651,593
2017-12-19T00:00:00,404,458,12.4454,200,224,34.375,604
2017-12-20T00:00:00,371,416,16.3462,165,184,33.6957,536
2017-12-21T00:00:00,348,392,13.5204,147,170,40,495
2017-12-22T00:00:00,261,298,14.7651,101,112,33.9286,362
2017-12-23T00:00:00,108,122,10.6557,35,39,30.7692,143
2017-12-24T00:00:00,83,88,15.9091,44,51,31.3725,127
2017-12-25T00:00:00,90,102,20.5882,47,52,36.5385,137
2017-12-26T00:00:00,245,275,18.1818,98,113,37.1681,343
2017-12-27T00:00:00,298,346,17.052,127,143,24.4755,425
2017-12-28T00:00:00,317,365,13.9726,131,138,26.087,448
2017-12-29T00:00:00,263,300,18.3333,105,122,30.3279,368
2017-12-30T00:00:00,111,122,17.2131,47,56,32.1429,158
2017-12-31T00:00:00,96,109,11.9266,60,67,31.3433,156
2018-01-01T00:00:00,148,166,25.3012,77,90,24.4444,225
2018-01-02T00:00:00,366,423,15.6028,167,196,32.6531,533
2018-01-03T00:00:00,428,493,16.43,219,240,26.25,647
2018-01-04T00:00:00,389,439,19.3622,203,221,20.362,592
2018-01-05T00:00:00,367,412,15.7767,172,201,25.8706,539
2018-01-06T00:00:00,150,165,28.4848,68,78,29.4872,218
2018-01-07T00:00:00,161,175,29.7143,99,117,29.9145,260
2018-01-08T00:00:00,476,540,16.4815,258,295,28.1356,734
2018-01-09T00:00:00,439,491,18.7373,270,309,28.1553,709
2018-01-10T00:00:00,443,515,15.9223,305,340,25.8824,748
2018-01-11T00:00:00,417,492,16.8699,228,253,28.4585,645
2018-01-12T00:00:00,357,401,15.212,212,248,30.2419,569
2018-01-13T00:00:00,181,212,22.1698,94,98,17.3469,275
2018-01-14T00:00:00,210,251,22.3108,106,120,25,316
2018-01-15T00:00:00,312,358,23.1844,180,215,28.3721,492
2018-01-16T00:00:00,495,570,17.5439,252,295,31.1864,747
2018-01-17T00:00:00,459,510,17.0588,281,324,31.4815,740
2018-01-18T00:00:00,485,553,18.6257,273,320,31.25,758
2018-01-19T00:00:00,395,467,18.2013,218,237,30.8017,613
2018-01-20T00:00:00,173,199,19.0955,88,100,19,261
2018-01-21T00:00:00,217,245,20.4082,142,158,29.7468,359
2018-01-22T00:00:00,548,626,17.5719,303,343,27.1137,851
2018-01-23T00:00:00,582,675,14.0741,278,322,30.1242,860
2018-01-24T00:00:00,557,659,16.5402,293,331,22.9607,850
2018-01-25T00:00:00,532,606,20.297,305,344,23.8372,837
2018-01-26T00:00:00,422,488,17.418,225,275,26.5455,647
2018-01-27T00:00:00,188,214,19.1589,102,117,26.4957,290
2018-01-28T00:00:00,238,274,23.3577,152,178,20.7865,390
2018-01-29T00:00:00,562,651,18.894,289,340,23.8235,851
2018-01-30T00:00:00,495,559,16.2791,295,342,29.5322,790
2018-01-31T00:00:00,567,646,20.8978,343,393,28.7532,910
2018-02-01T00:00:00,590,673,18.8707,291,337,28.1899,881
2018-02-02T00:00:00,453,549,22.0401,245,274,29.1971,698
2018-02-03T00:00:00,170,195,22.0513,108,128,25.7812,278
2018-02-04T00:00:00,206,225,21.3333,119,131,24.4275,325
2018-02-05T00:00:00,572,667,18.4408,315,358,29.3296,887
2018-02-06T00:00:00,616,739,17.862,310,349,26.0745,926
2018-02-07T00:00:00,601,701,20.5421,313,339,31.5634,914
2018-02-08T00:00:00,569,664,20.7831,310,348,28.7356,879
2018-02-09T00:00:00,437,498,16.8675,261,295,28.4746,698
2018-02-10T00:00:00,239,269,28.9963,107,114,25.4386,346
2018-02-11T00:00:00,210,239,28.0335,153,174,21.8391,363
2018-02-12T00:00:00,619,712,21.4888,353,410,24.3902,972
2018-02-13T00:00:00,598,682,20.9677,313,377,19.3634,911
2018-02-14T00:00:00,524,607,22.0758,348,413,25.1816,872
2018-02-15T00:00:00,527,605,23.6364,295,339,27.7286,822
2018-02-16T00:00:00,406,466,22.9614,227,244,31.5574,633
2018-02-17T00:00:00,218,236,24.1525,122,133,25.5639,340
2018-02-18T00:00:00,227,262,33.5878,109,129,29.4574,336
2018-02-19T00:00:00,475,534,31.0861,233,262,25.5725,708
2018-02-20T00:00:00,626,715,22.2378,343,389,27.2494,969
2018-02-21T00:00:00,585,670,21.6418,329,368,29.6196,914
2018-02-22T00:00:00,559,634,22.2397,307,342,25.1462,866
2018-02-23T00:00:00,515,585,19.1453,273,313,23.3227,788
2018-02-24T00:00:00,219,242,21.9008,114,125,20.8,333
2018-02-25T00:00:00,248,298,24.8322,151,169,24.2604,399
2018-02-26T00:00:00,634,706,21.1048,321,353,28.8952,955
2018-02-27T00:00:00,648,740,19.8649,304,348,27.2989,952
2018-02-28T00:00:00,676,782,21.4834,322,356,27.2472,998
2018-03-01T00:00:00,562,639,23.1612,274,303,27.7228,836
2018-03-02T00:00:00,482,562,23.4875,265,303,27.0627,747
2018-03-03T00:00:00,186,215,20,231,263,33.0798,417
2018-03-04T00:00:00,335,379,18.4697,204,238,21.8487,539
2018-03-05T00:00:00,618,704,18.608,422,468,22.8632,1040
2018-03-06T00:00:00,647,737,18.7246,324,377,32.0955,971
2018-03-07T00:00:00,667,760,19.6053,300,353,25.4958,967
2018-03-08T00:00:00,564,640,24.0625,251,294,30.6122,815
2018-03-09T00:00:00,506,584,20.5479,223,244,35.6557,729
2018-03-10T00:00:00,220,249,20.0803,100,112,37.5,320
2018-03-11T00:00:00,232,261,26.8199,129,140,35.7143,361
2018-03-12T00:00:00,569,647,21.4838,292,332,34.0361,861
2018-03-13T00:00:00,579,654,21.8654,279,329,29.1793,858
2018-03-14T00:00:00,598,697,21.5208,306,348,27.0115,904
2018-03-15T00:00:00,563,650,24.3077,271,316,31.0127,834
2018-03-16T00:00:00,488,559,21.8247,210,247,28.3401,698
2018-03-17T00:00:00,215,245,19.5918,116,133,25.5639,331
2018-03-18T00:00:00,233,278,25.5396,132,161,29.1925,365
2018-03-19T00:00:00,592,682,21.8475,302,356,28.0899,894
2018-03-20T00:00:00,580,656,20.2744,349,395,27.0886,929
2018-03-21T00:00:00,643,722,26.0388,365,414,30.4348,1008
2018-03-22T00:00:00,530,607,27.8418,290,327,34.2508,820
2018-03-23T00:00:00,428,481,22.869,323,365,20.8219,751
2018-03-24T00:00:00,200,221,22.6244,158,183,21.3115,358
2018-03-25T00:00:00,218,247,24.6964,161,179,21.2291,379
2018-03-26T00:00:00,548,609,30.8703,299,334,26.0479,847
2018-03-27T00:00:00,628,715,28.1119,340,386,25.1295,968
2018-03-28T00:00:00,579,667,22.3388,305,353,25.4958,884
2018-03-29T00:00:00,514,573,25.1309,307,355,22.8169,821
2018-03-30T00:00:00,443,493,31.643,208,235,31.0638,651
2018-03-31T00:00:00,241,277,23.4657,127,143,29.3706,368
2018-04-01T00:00:00,274,305,30.8197,129,139,26.6187,403
2018-04-02T00:00:00,689,781,26.1204,345,388,26.0309,1034
2018-04-03T00:00:00,644,731,25.171,365,407,21.8673,1009
2018-04-04T00:00:00,598,675,23.5556,322,363,23.1405,920
2018-04-05T00:00:00,621,702,26.6382,421,456,21.4912,1042
2018-04-06T00:00:00,466,543,24.1252,258,283,22.6148,724
2018-04-07T00:00:00,221,245,28.1633,128,149,30.8725,349
2018-04-08T00:00:00,254,279,31.5412,172,187,25.1337,426
2018-04-09T00:00:00,634,715,23.3566,317,358,24.581,951
2018-04-10T00:00:00,604,719,21.4186,330,378,32.5397,934
2018-04-11T00:00:00,692,816,25.3676,338,403,30.273,1030
2018-04-12T00:00:00,696,792,28.0303,312,358,27.933,1008
2018-04-13T00:00:00,549,642,26.947,282,312,20.5128,831
2018-04-14T00:00:00,233,268,29.4776,131,149,23.4899,364
2018-04-15T00:00:00,263,291,23.7113,163,188,26.0638,426
2018-04-16T00:00:00,757,862,23.4339,301,345,27.2464,1058
2018-04-17T00:00:00,752,873,22.2222,379,427,22.4824,1131
2018-04-18T00:00:00,717,836,21.89,350,402,23.6318,1067
2018-04-19T00:00:00,647,734,24.2507,306,347,23.9193,953
2018-04-20T00:00:00,567,631,22.8209,269,302,29.8013,836
2018-04-21T00:00:00,234,283,27.5618,120,140,22.1429,354
2018-04-22T00:00:00,290,344,26.4535,167,186,18.8172,457
2018-04-23T00:00:00,703,819,23.9316,327,359,25.0696,1030
2018-04-24T00:00:00,699,781,29.5775,329,379,24.5383,1028
2018-04-25T00:00:00,716,808,24.7525,387,438,28.0822,1103
2018-04-26T00:00:00,706,810,24.6914,322,375,22.9333,1028
2018-04-27T00:00:00,584,664,23.494,276,305,27.541,860
2018-04-28T00:00:00,234,270,25.5556,134,158,17.0886,368
2018-04-29T00:00:00,264,298,31.8792,149,178,26.4045,413
2018-04-30T00:00:00,659,738,26.1518,356,414,21.4976,1015
2018-05-01T00:00:00,656,742,25.4717,364,399,29.5739,1020
2018-05-02T00:00:00,671,783,29.1188,367,417,22.3022,1038
2018-05-03T00:00:00,650,749,26.7023,415,457,28.6652,1065
2018-05-04T00:00:00,539,618,29.1262,321,365,30.411,860
2018-05-05T00:00:00,209,251,29.4821,150,177,26.5537,359
2018-05-06T00:00:00,260,302,32.1192,164,184,21.1957,424
2018-05-07T00:00:00,682,768,31.7708,286,326,26.9939,968
2018-05-08T00:00:00,648,747,29.0495,390,437,26.7735,1038
2018-05-09T00:00:00,701,779,28.2413,355,398,32.1608,1056
2018-05-10T00:00:00,595,681,31.7181,306,348,32.4713,901
2018-05-11T00:00:00,497,581,26.6781,233,261,26.0536,730
2018-05-12T00:00:00,237,277,30.3249,122,134,27.6119,359
2018-05-13T00:00:00,220,251,35.4582,130,141,21.2766,350
2018-05-14T00:00:00,650,723,34.3015,328,371,24.5283,978
2018-05-15T00:00:00,646,731,29.8222,343,377,24.4032,989
2018-05-16T00:00:00,672,776,25.5155,310,346,30.6358,982
2018-05-17T00:00:00,645,733,29.6044,280,307,25.0814,925
2018-05-18T00:00:00,505,574,34.8432,244,273,30.4029,749
2018-05-19T00:00:00,213,229,36.6812,126,130,20.7692,339
2018-05-20T00:00:00,220,248,33.0645,136,151,23.1788,356
2018-05-21T00:00:00,615,714,29.6919,301,341,25.8065,916
2018-05-22T00:00:00,689,773,34.1527,297,331,25.9819,986
2018-05-23T00:00:00,661,762,29.3963,327,363,26.1708,988
2018-05-24T00:00:00,661,761,30.4862,250,278,26.259,911
2018-05-25T00:00:00,486,565,29.7345,229,253,30.0395,715
2018-05-26T00:00:00,188,218,28.4404,97,116,23.2759,285
2018-05-27T00:00:00,216,247,41.7004,131,149,18.7919,347
2018-05-28T00:00:00,363,401,49.1272,146,168,23.2143,509
2018-05-29T00:00:00,723,825,31.1515,323,376,27.1277,1046
2018-05-30T00:00:00,716,799,32.5407,336,396,30.0505,1052
2018-05-31T00:00:00,625,720,29.5833,271,313,25.5591,896
2018-06-01T00:00:00,487,561,29.7683,269,309,25.2427,756
2018-06-02T00:00:00,209,247,33.1984,131,149,20.1342,340
2018-06-03T00:00:00,251,296,30.4054,155,175,23.4286,406
2018-06-04T00:00:00,661,742,30.3235,314,350,27.7143,975
2018-06-05T00:00:00,651,753,32.9349,274,301,25.5814,925
2018-06-06T00:00:00,605,708,29.5198,299,332,28.6145,904
2018-06-07T00:00:00,604,722,31.0249,306,344,29.0698,910
2018-06-08T00:00:00,504,562,30.0712,258,296,25.3378,762
2018-06-09T00:00:00,208,242,34.2975,123,135,18.5185,331
2018-06-10T00:00:00,222,246,32.9268,133,141,19.1489,355
2018-06-11T00:00:00,633,724,27.3481,266,295,27.1186,899
2018-06-12T00:00:00,721,801,28.5893,312,343,24.7813,1033
2018-06-13T00:00:00,687,797,27.1016,331,368,25,1018
2018-06-14T00:00:00,632,712,27.9494,281,317,25.8675,913
2018-06-15T00:00:00,513,567,27.6896,225,258,25.1938,738
2018-06-16T00:00:00,187,215,39.0698,112,132,22.7273,299
2018-06-17T00:00:00,211,250,36.8,118,138,30.4348,329
2018-06-18T00:00:00,607,703,30.7255,268,311,22.8296,875
2018-06-19T00:00:00,624,716,34.6369,296,323,28.483,920
2018-06-20T00:00:00,617,680,28.2353,293,320,25.3125,910
2018-06-21T00:00:00,552,603,31.0116,256,276,25,808
2018-06-22T00:00:00,466,517,32.6886,205,234,26.4957,671
2018-06-23T00:00:00,182,209,34.9282,87,103,24.2718,269
2018-06-24T00:00:00,215,231,38.961,125,133,16.5414,340
2018-06-25T00:00:00,670,772,30.9585,271,306,23.8562,941
2018-06-26T00:00:00,664,760,31.1842,278,321,26.7913,942
2018-06-27T00:00:00,626,720,33.1944,318,369,24.6612,944
2018-06-28T00:00:00,543,606,33.6634,247,285,29.1228,790
2018-06-29T00:00:00,484,543,30.9392,233,250,24,717
2018-06-30T00:00:00,201,222,33.3333,124,133,20.3008,325
2018-07-01T00:00:00,241,255,42.7451,130,143,29.3706,371
2018-07-02T00:00:00,654,732,35.3825,244,265,24.5283,898
2018-07-03T00:00:00,670,725,40,265,289,22.4913,935
2018-07-04T00:00:00,463,496,56.4516,176,199,30.1508,639
2018-07-05T00:00:00,713,811,36.4982,1005,1102,9.7096,1718
2018-07-06T00:00:00,618,704,40.9091,563,597,14.0704,1181
2018-07-07T00:00:00,310,346,47.1098,263,274,10.5839,573
2018-07-08T00:00:00,289,331,38.6707,230,246,19.9187,519
2018-07-09T00:00:00,651,745,31.4094,406,452,22.1239,1057
2018-07-10T00:00:00,712,797,30.4893,352,392,24.2347,1064
2018-07-11T00:00:00,637,741,27.3954,305,333,24.3243,942
2018-07-12T00:00:00,624,712,27.5281,277,303,18.1518,901
2018-07-13T00:00:00,454,508,28.5433,244,267,16.8539,698
2018-07-14T00:00:00,200,230,30.8696,139,144,18.0556,339
2018-07-15T00:00:00,249,277,29.6029,142,157,15.2866,391
2018-07-16T00:00:00,662,725,25.1034,313,370,24.0541,975
2018-07-17T00:00:00,688,769,26.9181,327,352,25.5682,1015
2018-07-18T00:00:00,632,695,25.4676,279,310,23.5484,911
2018-07-19T00:00:00,603,697,29.5552,289,327,29.052,892
2018-07-20T00:00:00,468,541,27.1719,247,270,25.1852,715
2018-07-21T00:00:00,199,228,31.1404,117,135,21.4815,316
2018-07-22T00:00:00,236,267,34.8315,174,192,28.6458,410
2018-07-23T00:00:00,609,711,27.2855,296,318,21.0692,905
2018-07-24T00:00:00,634,724,29.6961,330,359,23.1198,964
2018-07-25T00:00:00,580,660,27.4242,449,486,18.7243,1029
2018-07-26T00:00:00,605,705,27.3759,343,381,23.622,948
2018-07-27T00:00:00,491,546,27.8388,259,285,28.4211,750
2018-07-28T00:00:00,213,248,28.2258,133,141,11.3475,346
2018-07-29T00:00:00,251,271,32.4723,180,195,25.1282,431
2018-07-30T00:00:00,684,757,26.6843,312,349,21.7765,996
2018-07-31T00:00:00,679,753,30.8101,314,341,25.5132,993
2018-08-01T00:00:00,635,698,32.235,300,330,23.3333,935
2018-08-02T00:00:00,586,645,32.2481,278,304,26.6447,864
2018-08-03T00:00:00,460,503,26.839,202,215,24.186,662
2018-08-04T00:00:00,227,254,30.7087,140,147,18.3673,367
2018-08-05T00:00:00,223,248,29.4355,149,161,22.3602,372
2018-08-06T00:00:00,586,659,26.8589,440,492,19.3089,1026
2018-08-07T00:00:00,627,712,24.8596,366,401,21.9451,993
2018-08-08T00:00:00,669,749,29.1055,304,347,22.7666,973
2018-08-09T00:00:00,591,668,25.8982,336,362,27.0718,927
2018-08-10T00:00:00,474,546,23.9927,271,290,18.9655,745
2018-08-11T00:00:00,223,243,23.0453,158,165,20.6061,381
2018-08-12T00:00:00,253,273,27.8388,155,168,24.4048,408
2018-08-13T00:00:00,560,625,24.64,277,316,27.5316,837
2018-08-14T00:00:00,603,670,28.209,309,344,28.7791,912
2018-08-15T00:00:00,649,738,23.8482,303,337,26.7062,952
2018-08-16T00:00:00,564,634,27.7603,263,279,24.3728,827
2018-08-17T00:00:00,466,536,30.2239,237,254,21.6535,703
2018-08-18T00:00:00,198,222,32.4324,123,130,20.7692,321
2018-08-19T00:00:00,243,261,27.9693,149,155,33.5484,392
2018-08-20T00:00:00,615,688,25.1453,269,308,25.6494,884
2018-08-21T00:00:00,553,611,28.3142,288,316,25.6329,841
2018-08-22T00:00:00,640,709,26.7983,299,331,30.5136,939
2018-08-23T00:00:00,560,638,29.3103,275,301,26.5781,835
2018-08-24T00:00:00,548,615,30.4065,227,240,27.5,775
2018-08-25T00:00:00,211,240,29.5833,146,155,22.5806,357
2018-08-26T00:00:00,257,295,26.4407,137,149,23.4899,394
2018-08-27T00:00:00,616,698,27.2206,323,353,30.8782,939
2018-08-28T00:00:00,625,691,28.3647,313,351,26.4957,938
2018-08-29T00:00:00,641,741,29.1498,301,329,23.4043,942
2018-08-30T00:00:00,576,665,26.7669,305,331,26.284,881
2018-08-31T00:00:00,455,514,26.4591,216,237,23.2068,671
2018-09-01T00:00:00,193,210,33.3333,122,131,25.9542,315
2018-09-02T00:00:00,213,239,36.8201,140,152,22.3684,353
2018-09-03T00:00:00,344,367,39.782,5,5,80,349
2018-09-04T00:00:00,605,695,29.0647,5,5,80,610
2018-09-05T00:00:00,634,703,29.303,7,10,50,641
2018-09-06T00:00:00,667,762,28.6089,2,4,100,669
2018-09-07T00:00:00,558,630,26.3492,2,2,100,560
2018-09-08T00:00:00,251,282,28.0142,2,2,50,253
2018-09-09T00:00:00,264,284,30.6338,3,4,75,267
2018-09-10T00:00:00,609,682,29.3255,1,1,100,610
2018-09-11T00:00:00,347,390,24.1026,1,1,100,348
